  0
SECTION
  2
HEADER
  9
$ACADVER
  1
AC1032
  9
$ACADMAINTVER
 90
      286
  9
$DWGCODEPAGE
  3
ANSI_1251
  9
$LASTSAVEDBY
  1
starilenkov.vn
  9
$REQUIREDVERSIONS
160
                 0
  9
$INSBASE
 10
0.0
 20
0.0
 30
0.0
  9
$EXTMIN
 10
4475.959964383755
 20
5943.702901134436
 30
0.0
  9
$EXTMAX
 10
4537.683823206861
 20
6149.178602821527
 30
0.0
  9
$LIMMIN
 10
0.0
 20
0.0
  9
$LIMMAX
 10
420.0
 20
297.0
  9
$ORTHOMODE
 70
     0
  9
$REGENMODE
 70
     1
  9
$FILLMODE
 70
     1
  9
$QTEXTMODE
 70
     0
  9
$MIRRTEXT
 70
     0
  9
$LTSCALE
 40
1.0
  9
$ATTMODE
 70
     1
  9
$TEXTSIZE
 40
2.5
  9
$TRACEWID
 40
1.0
  9
$TEXTSTYLE
  7
Standard
  9
$CLAYER
  8
Слой1
  9
$CELTYPE
  6
ByLayer
  9
$CECOLOR
 62
   256
  9
$CELTSCALE
 40
1.0
  9
$DISPSILH
 70
     0
  9
$DIMSCALE
 40
1.0
  9
$DIMASZ
 40
2.5
  9
$DIMEXO
 40
0.625
  9
$DIMDLI
 40
3.75
  9
$DIMRND
 40
0.0
  9
$DIMDLE
 40
0.0
  9
$DIMEXE
 40
1.25
  9
$DIMTP
 40
0.0
  9
$DIMTM
 40
0.0
  9
$DIMTXT
 40
2.5
  9
$DIMCEN
 40
2.5
  9
$DIMTSZ
 40
0.0
  9
$DIMTOL
 70
     0
  9
$DIMLIM
 70
     0
  9
$DIMTIH
 70
     0
  9
$DIMTOH
 70
     0
  9
$DIMSE1
 70
     0
  9
$DIMSE2
 70
     0
  9
$DIMTAD
 70
     1
  9
$DIMZIN
 70
     8
  9
$DIMBLK
  1

  9
$DIMASO
 70
     1
  9
$DIMSHO
 70
     1
  9
$DIMPOST
  1

  9
$DIMAPOST
  1

  9
$DIMALT
 70
     0
  9
$DIMALTD
 70
     3
  9
$DIMALTF
 40
0.03937007874016
  9
$DIMLFAC
 40
1.0
  9
$DIMTOFL
 70
     1
  9
$DIMTVP
 40
0.0
  9
$DIMTIX
 70
     0
  9
$DIMSOXD
 70
     0
  9
$DIMSAH
 70
     0
  9
$DIMBLK1
  1

  9
$DIMBLK2
  1

  9
$DIMSTYLE
  2
ISO-25
  9
$DIMCLRD
 70
     0
  9
$DIMCLRE
 70
     0
  9
$DIMCLRT
 70
     0
  9
$DIMTFAC
 40
1.0
  9
$DIMGAP
 40
0.625
  9
$DIMJUST
 70
     0
  9
$DIMSD1
 70
     0
  9
$DIMSD2
 70
     0
  9
$DIMTOLJ
 70
     0
  9
$DIMTZIN
 70
     8
  9
$DIMALTZ
 70
     0
  9
$DIMALTTZ
 70
     0
  9
$DIMUPT
 70
     0
  9
$DIMDEC
 70
     2
  9
$DIMTDEC
 70
     2
  9
$DIMALTU
 70
     2
  9
$DIMALTTD
 70
     3
  9
$DIMTXSTY
  7
Standard
  9
$DIMAUNIT
 70
     0
  9
$DIMADEC
 70
     0
  9
$DIMALTRND
 40
0.0
  9
$DIMAZIN
 70
     0
  9
$DIMDSEP
 70
    44
  9
$DIMATFIT
 70
     3
  9
$DIMFRAC
 70
     0
  9
$DIMLDRBLK
  1

  9
$DIMLUNIT
 70
     2
  9
$DIMLWD
 70
    -2
  9
$DIMLWE
 70
    -2
  9
$DIMTMOVE
 70
     0
  9
$DIMFXL
 40
1.0
  9
$DIMFXLON
 70
     0
  9
$DIMJOGANG
 40
0.7853981633974483
  9
$DIMTFILL
 70
     0
  9
$DIMTFILLCLR
 70
     0
  9
$DIMARCSYM
 70
     0
  9
$DIMLTYPE
  6

  9
$DIMLTEX1
  6

  9
$DIMLTEX2
  6

  9
$DIMTXTDIRECTION
 70
     0
  9
$LUNITS
 70
     2
  9
$LUPREC
 70
     4
  9
$SKETCHINC
 40
1.0
  9
$FILLETRAD
 40
0.0
  9
$AUNITS
 70
     0
  9
$AUPREC
 70
     0
  9
$MENU
  1
.
  9
$ELEVATION
 40
0.0
  9
$PELEVATION
 40
0.0
  9
$THICKNESS
 40
0.0
  9
$LIMCHECK
 70
     0
  9
$CHAMFERA
 40
0.0
  9
$CHAMFERB
 40
0.0
  9
$CHAMFERC
 40
0.0
  9
$CHAMFERD
 40
0.0
  9
$SKPOLY
 70
     0
  9
$TDCREATE
 40
2460969.457106481
  9
$TDUCREATE
 40
2460969.332106481
  9
$TDUPDATE
 40
2461292.449930556
  9
$TDUUPDATE
 40
2461292.324930556
  9
$TDINDWG
 40
0.0688657407
  9
$TDUSRTIMER
 40
0.0688657407
  9
$USRTIMER
 70
     1
  9
$ANGBASE
 50
0.0
  9
$ANGDIR
 70
     0
  9
$PDMODE
 70
     0
  9
$PDSIZE
 40
0.0
  9
$PLINEWID
 40
0.0
  9
$SPLFRAME
 70
     0
  9
$SPLINETYPE
 70
     6
  9
$SPLINESEGS
 70
     8
  9
$HANDSEED
  5
14E5
  9
$SURFTAB1
 70
     6
  9
$SURFTAB2
 70
     6
  9
$SURFTYPE
 70
     6
  9
$SURFU
 70
     6
  9
$SURFV
 70
     6
  9
$UCSBASE
  2

  9
$UCSNAME
  2

  9
$UCSORG
 10
0.0
 20
0.0
 30
0.0
  9
$UCSXDIR
 10
1.0
 20
0.0
 30
0.0
  9
$UCSYDIR
 10
0.0
 20
1.0
 30
0.0
  9
$UCSORTHOREF
  2

  9
$UCSORTHOVIEW
 70
     0
  9
$UCSORGTOP
 10
0.0
 20
0.0
 30
0.0
  9
$UCSORGBOTTOM
 10
0.0
 20
0.0
 30
0.0
  9
$UCSORGLEFT
 10
0.0
 20
0.0
 30
0.0
  9
$UCSORGRIGHT
 10
0.0
 20
0.0
 30
0.0
  9
$UCSORGFRONT
 10
0.0
 20
0.0
 30
0.0
  9
$UCSORGBACK
 10
0.0
 20
0.0
 30
0.0
  9
$PUCSBASE
  2

  9
$PUCSNAME
  2

  9
$PUCSORG
 10
0.0
 20
0.0
 30
0.0
  9
$PUCSXDIR
 10
1.0
 20
0.0
 30
0.0
  9
$PUCSYDIR
 10
0.0
 20
1.0
 30
0.0
  9
$PUCSORTHOREF
  2

  9
$PUCSORTHOVIEW
 70
     0
  9
$PUCSORGTOP
 10
0.0
 20
0.0
 30
0.0
  9
$PUCSORGBOTTOM
 10
0.0
 20
0.0
 30
0.0
  9
$PUCSORGLEFT
 10
0.0
 20
0.0
 30
0.0
  9
$PUCSORGRIGHT
 10
0.0
 20
0.0
 30
0.0
  9
$PUCSORGFRONT
 10
0.0
 20
0.0
 30
0.0
  9
$PUCSORGBACK
 10
0.0
 20
0.0
 30
0.0
  9
$USERI1
 70
     0
  9
$USERI2
 70
     0
  9
$USERI3
 70
     0
  9
$USERI4
 70
     0
  9
$USERI5
 70
     0
  9
$USERR1
 40
0.0
  9
$USERR2
 40
0.0
  9
$USERR3
 40
0.0
  9
$USERR4
 40
0.0
  9
$USERR5
 40
0.0
  9
$WORLDVIEW
 70
     1
  9
$SHADEDGE
 70
     3
  9
$SHADEDIF
 70
    70
  9
$TILEMODE
 70
     1
  9
$MAXACTVP
 70
    64
  9
$PINSBASE
 10
0.0
 20
0.0
 30
0.0
  9
$PLIMCHECK
 70
     0
  9
$PEXTMIN
 10
0.0
 20
0.0
 30
0.0
  9
$PEXTMAX
 10
0.0
 20
0.0
 30
0.0
  9
$PLIMMIN
 10
0.0
 20
0.0
  9
$PLIMMAX
 10
12.0
 20
9.0
  9
$UNITMODE
 70
     0
  9
$VISRETAIN
 70
     1
  9
$PLINEGEN
 70
     0
  9
$PSLTSCALE
 70
     0
  9
$TREEDEPTH
 70
  3020
  9
$CMLSTYLE
  2
Standard
  9
$CMLJUST
 70
     0
  9
$CMLSCALE
 40
20.0
  9
$PROXYGRAPHICS
 70
     1
  9
$MEASUREMENT
 70
     1
  9
$CELWEIGHT
370
    -3
  9
$ENDCAPS
280
     0
  9
$JOINSTYLE
280
     0
  9
$LWDISPLAY
290
     1
  9
$INSUNITS
 70
     4
  9
$HYPERLINKBASE
  1

  9
$STYLESHEET
  1

  9
$XEDIT
290
     1
  9
$CEPSNTYPE
380
     0
  9
$PSTYLEMODE
290
     1
  9
$FINGERPRINTGUID
  2
{FC314E31-CE17-0249-BE26-D352A135706A}
  9
$VERSIONGUID
  2
{8C093009-FE44-F044-AD9C-B764785ABDBE}
  9
$EXTNAMES
290
     1
  9
$PSVPSCALE
 40
0.0
  9
$OLESTARTUP
290
     0
  9
$SORTENTS
280
   127
  9
$INDEXCTL
280
     0
  9
$HIDETEXT
280
     1
  9
$XCLIPFRAME
280
     2
  9
$HALOGAP
280
     0
  9
$OBSCOLOR
 70
   257
  9
$OBSLTYPE
280
     0
  9
$INTERSECTIONDISPLAY
280
     0
  9
$INTERSECTIONCOLOR
 70
   257
  9
$DIMASSOC
280
     2
  9
$PROJECTNAME
  1

  9
$CAMERADISPLAY
290
     0
  9
$LENSLENGTH
 40
50.0
  9
$CAMERAHEIGHT
 40
0.0
  9
$STEPSPERSEC
 40
2.0
  9
$STEPSIZE
 40
6.0
  9
$3DDWFPREC
 40
2.0
  9
$PSOLWIDTH
 40
5.0
  9
$PSOLHEIGHT
 40
80.0
  9
$LOFTANG1
 40
1.570796326794896
  9
$LOFTANG2
 40
1.570796326794896
  9
$LOFTMAG1
 40
0.0
  9
$LOFTMAG2
 40
0.0
  9
$LOFTPARAM
 70
     7
  9
$LOFTNORMALS
280
     1
  9
$LATITUDE
 40
37.795
  9
$LONGITUDE
 40
-122.394
  9
$NORTHDIRECTION
 40
0.0
  9
$TIMEZONE
 70
 -8000
  9
$LIGHTGLYPHDISPLAY
280
     1
  9
$TILEMODELIGHTSYNCH
280
     1
  9
$CMATERIAL
347
EC
  9
$SOLIDHIST
280
     0
  9
$SHOWHIST
280
     1
  9
$DWFFRAME
280
     2
  9
$DGNFRAME
280
     0
  9
$REALWORLDSCALE
290
     1
  9
$INTERFERECOLOR
 62
     1
  9
$INTERFEREOBJVS
345
F9
  9
$INTERFEREVPVS
346
F6
  9
$CSHADOW
280
     0
  9
$SHADOWPLANELOCATION
 40
0.0
  0
ENDSEC
  0
SECTION
  2
CLASSES
  0
CLASS
  1
ACDBDICTIONARYWDFLT
  2
AcDbDictionaryWithDefault
  3
ObjectDBX Classes
 90
        0
 91
        1
280
     0
281
     0
  0
CLASS
  1
ACDBPLACEHOLDER
  2
AcDbPlaceHolder
  3
ObjectDBX Classes
 90
        0
 91
        1
280
     0
281
     0
  0
CLASS
  1
LAYOUT
  2
AcDbLayout
  3
ObjectDBX Classes
 90
        0
 91
        3
280
     0
281
     0
  0
CLASS
  1
DICTIONARYVAR
  2
AcDbDictionaryVar
  3
ObjectDBX Classes
 90
        0
 91
       13
280
     0
281
     0
  0
CLASS
  1
TABLESTYLE
  2
AcDbTableStyle
  3
ObjectDBX Classes
 90
     4095
 91
        1
280
     0
281
     0
  0
CLASS
  1
MATERIAL
  2
AcDbMaterial
  3
ObjectDBX Classes
 90
     1153
 91
        3
280
     0
281
     0
  0
CLASS
  1
VISUALSTYLE
  2
AcDbVisualStyle
  3
ObjectDBX Classes
 90
     4095
 91
       24
280
     0
281
     0
  0
CLASS
  1
SCALE
  2
AcDbScale
  3
ObjectDBX Classes
 90
     1153
 91
       17
280
     0
281
     0
  0
CLASS
  1
MLEADERSTYLE
  2
AcDbMLeaderStyle
  3
ACDB_MLEADERSTYLE_CLASS
 90
     4095
 91
        2
280
     0
281
     0
  0
CLASS
  1
CELLSTYLEMAP
  2
AcDbCellStyleMap
  3
ObjectDBX Classes
 90
     1152
 91
        1
280
     0
281
     0
  0
CLASS
  1
EXACXREFPANELOBJECT
  2
ExAcXREFPanelObject
  3
EXAC_ESW
 90
     1025
 91
        0
280
     1
281
     0
  0
CLASS
  1
NPOCOLLECTION
  2
AcDbImpNonPersistentObjectsCollection
  3
ObjectDBX Classes
 90
     1153
 91
        0
280
     1
281
     0
  0
CLASS
  1
LAYER_INDEX
  2
AcDbLayerIndex
  3
ObjectDBX Classes
 90
        0
 91
        0
280
     0
281
     0
  0
CLASS
  1
SPATIAL_INDEX
  2
AcDbSpatialIndex
  3
ObjectDBX Classes
 90
        0
 91
        0
280
     0
281
     0
  0
CLASS
  1
IDBUFFER
  2
AcDbIdBuffer
  3
ObjectDBX Classes
 90
        0
 91
        0
280
     0
281
     0
  0
CLASS
  1
ACDBSECTIONVIEWSTYLE
  2
AcDbSectionViewStyle
  3
ObjectDBX Classes
 90
     1025
 91
        1
280
     0
281
     0
  0
CLASS
  1
ACDBDETAILVIEWSTYLE
  2
AcDbDetailViewStyle
  3
ObjectDBX Classes
 90
     1025
 91
        1
280
     0
281
     0
  0
CLASS
  1
SORTENTSTABLE
  2
AcDbSortentsTable
  3
ObjectDBX Classes
 90
        0
 91
        3
280
     0
281
     0
  0
CLASS
  1
SUN
  2
AcDbSun
  3
SCENEOE
 90
     1153
 91
        1
280
     0
281
     0
  0
CLASS
  1
CSACDOCUMENTOPTIONS
  2
CDocDataContainer
  3
"DERU003_CSAPP"
 90
     4095
 91
        2
280
     0
281
     0
  0
ENDSEC
  0
SECTION
  2
TABLES
  0
TABLE
  2
VPORT
  5
8
330
0
100
AcDbSymbolTable
 70
     1
  0
VPORT
  5
EA
330
8
100
AcDbSymbolTableRecord
100
AcDbViewportTableRecord
  2
*Active
 70
     0
 10
0.0
 20
0.0
 11
1.0
 21
1.0
 12
4526.322475506276
 22
6048.272146065394
 13
0.0
 23
0.0
 14
10.0
 24
10.0
 15
10.0
 25
10.0
 16
0.0
 26
0.0
 36
1.0
 17
0.0
 27
0.0
 37
0.0
 40
39.61206039373437
 41
1.765478424015009
 42
50.0
 43
0.0
 44
0.0
 50
0.0
 51
0.0
 71
    16
 72
  1000
 73
     1
 74
     3
 75
     0
 76
     1
 77
     0
 78
     0
281
     0
 65
     1
110
0.0
120
0.0
130
0.0
111
1.0
121
0.0
131
0.0
112
0.0
122
1.0
132
0.0
 79
     0
146
0.0
348
F5
 60
     3
 61
     5
292
     1
282
     1
141
0.0
142
0.0
 63
   250
421
  3355443
361
D35
1001
ACAD_NAV_VCDISPLAY
1070
     3
  0
ENDTAB
  0
TABLE
  2
LTYPE
  5
5
330
0
100
AcDbSymbolTable
 70
    81
  0
LTYPE
  5
14
330
5
100
AcDbSymbolTableRecord
100
AcDbLinetypeTableRecord
  2
ByBlock
 70
     0
  3

 72
    65
 73
     0
 40
0.0
  0
LTYPE
  5
15
330
5
100
AcDbSymbolTableRecord
100
AcDbLinetypeTableRecord
  2
ByLayer
 70
     0
  3

 72
    65
 73
     0
 40
0.0
  0
LTYPE
  5
16
330
5
100
AcDbSymbolTableRecord
100
AcDbLinetypeTableRecord
  2
Continuous
 70
     0
  3
Solid line
 72
    65
 73
     0
 40
0.0
  0
LTYPE
  5
298
330
5
100
AcDbSymbolTableRecord
100
AcDbLinetypeTableRecord
  2
DASHED
 70
     0
  3
Штриховая __ __ __ __ __ __ __ __ __
 72
    65
 73
     3
 40
7.0
 49
5.0
 74
     0
 49
-2.0
 74
     0
 49
0.0
 74
     0
  0
LTYPE
  5
299
330
5
100
AcDbSymbolTableRecord
100
AcDbLinetypeTableRecord
  2
DASHDOT_axis
 70
     0
  3
Штрих-пунктирная ____ _ ____ _ ____ _ ____ _
 72
    65
 73
     4
 40
24.0
 49
20.0
 74
     0
 49
-1.5
 74
     0
 49
1.0
 74
     0
 49
-1.5
 74
     0
  0
LTYPE
  5
29A
330
5
100
AcDbSymbolTableRecord
100
AcDbLinetypeTableRecord
  2
DIVIDE
 70
     0
  3
Штрих-пунктирная с двумя точками __..__..__..__
 72
    65
 73
     6
 40
26.5
 49
20.0
 74
     0
 49
-1.5
 74
     0
 49
1.0
 74
     0
 49
-1.5
 74
     0
 49
1.0
 74
     0
 49
-1.5
 74
     0
  0
LTYPE
  5
29D
330
5
100
AcDbSymbolTableRecord
100
AcDbLinetypeTableRecord
  2
084-a Откосы неукрепленные
 70
     0
  3
0311
 72
    65
 73
     3
 40
2.0
 49
0.9
 74
     4
 75
    11
340
29C
 46
0.1
 50
180.0
 44
0.0
 45
0.0
 49
1.0
 74
     4
 75
    12
340
29C
 46
0.1
 50
180.0
 44
0.0
 45
0.0
 49
0.1
 74
     0
  0
LTYPE
  5
29E
330
5
100
AcDbSymbolTableRecord
100
AcDbLinetypeTableRecord
  2
084-a_m Откосы неукрепленные
 70
     0
  3
0311
 72
    65
 73
     3
 40
2.0
 49
0.9
 74
     4
 75
    11
340
29C
 46
0.1
 50
0.0
 44
0.0
 45
0.0
 49
1.0
 74
     4
 75
    12
340
29C
 46
0.1
 50
0.0
 44
0.0
 45
0.0
 49
0.1
 74
     0
  0
LTYPE
  5
29F
330
5
100
AcDbSymbolTableRecord
100
AcDbLinetypeTableRecord
  2
085-a Откосы укрепленные
 70
     0
  3
0321
 72
    65
 73
     3
 40
2.0
 49
0.9
 74
     4
 75
    11
340
29C
 46
0.1
 50
180.0
 44
0.0
 45
0.0
 49
1.0
 74
     4
 75
    13
340
29C
 46
0.1
 50
180.0
 44
0.0
 45
0.0
 49
0.1
 74
     0
  0
LTYPE
  5
2A0
330
5
100
AcDbSymbolTableRecord
100
AcDbLinetypeTableRecord
  2
085-a_m Откосы укрепленные
 70
     0
  3
0321
 72
    65
 73
     3
 40
2.0
 49
0.9
 74
     4
 75
    11
340
29C
 46
0.1
 50
0.0
 44
0.0
 45
0.0
 49
1.0
 74
     4
 75
    13
340
29C
 46
0.1
 50
0.0
 44
0.0
 45
0.0
 49
0.1
 74
     0
  0
LTYPE
  5
2A1
330
5
100
AcDbSymbolTableRecord
100
AcDbLinetypeTableRecord
  2
119-1 Кабель высоковольтный подземный
 70
     0
  3
119-1
 72
    65
 73
     6
 40
20.0
 49
8.0
 74
     0
 49
-2.0
 74
     4
 75
    31
340
29C
 46
0.15
 50
180.0
 44
0.0
 45
0.0
 49
1.0
 74
     4
 75
    31
340
29C
 46
0.1
 50
180.0
 44
0.0
 45
0.0
 49
6.0
 74
     4
 75
    31
340
29C
 46
0.1
 50
0.0
 44
0.0
 45
0.0
 49
1.0
 74
     4
 75
    31
340
29C
 46
0.15
 50
0.0
 44
0.0
 45
0.0
 49
-2.0
 74
     0
  0
LTYPE
  5
2A2
330
5
100
AcDbSymbolTableRecord
100
AcDbLinetypeTableRecord
  2
119-3 Кабель низкоковольтный подземный
 70
     0
  3
119-3
 72
    65
 73
     4
 40
20.0
 49
8.0
 74
     0
 49
-2.0
 74
     4
 75
    31
340
29C
 46
0.1
 50
180.0
 44
0.0
 45
0.0
 49
8.0
 74
     4
 75
    31
340
29C
 46
0.1
 50
0.0
 44
0.0
 45
0.0
 49
-2.0
 74
     0
  0
LTYPE
  5
2A3
330
5
100
AcDbSymbolTableRecord
100
AcDbLinetypeTableRecord
  2
121-1_1 Водопровод-тр.наземный
 70
     0
  3
5603_1
 72
    65
 73
     4
 40
70.0
 49
62.0
 74
     0
 49
-0.4
 74
    10
 75
     0
340
11
 46
2.5
 50
0.0
 44
0.0
 45
-1.25
  9
В
 49
-2.6
 74
     0
 49
5.0
 74
     0
  0
LTYPE
  5
2A4
330
5
100
AcDbSymbolTableRecord
100
AcDbLinetypeTableRecord
  2
121-1_2 Канализация-тр.наземный
 70
     0
  3
5603_2
 72
    65
 73
     4
 40
70.0
 49
62.0
 74
     0
 49
-0.4
 74
    10
 75
     0
340
11
 46
2.5
 50
0.0
 44
0.0
 45
-1.25
  9
К
 49
-2.6
 74
     0
 49
5.0
 74
     0
  0
LTYPE
  5
2A5
330
5
100
AcDbSymbolTableRecord
100
AcDbLinetypeTableRecord
  2
121-1_3 Газопровод-тр.наземный
 70
     0
  3
5603_3
 72
    65
 73
     4
 40
70.0
 49
62.0
 74
     0
 49
-0.4
 74
    10
 75
     0
340
11
 46
2.5
 50
0.0
 44
0.0
 45
-1.25
  9
Г
 49
-2.6
 74
     0
 49
5.0
 74
     0
  0
LTYPE
  5
2A6
330
5
100
AcDbSymbolTableRecord
100
AcDbLinetypeTableRecord
  2
121-1_4 Тепловая сеть-тр.наземный
 70
     0
  3
5603_4
 72
    65
 73
     4
 40
70.0
 49
62.0
 74
     0
 49
-0.4
 74
    10
 75
     0
340
11
 46
2.5
 50
0.0
 44
0.0
 45
-1.25
  9
Т
 49
-2.6
 74
     0
 49
5.0
 74
     0
  0
LTYPE
  5
2A7
330
5
100
AcDbSymbolTableRecord
100
AcDbLinetypeTableRecord
  2
121-1_5 Нефтепровод-тр.наземный
 70
     0
  3
5603_5
 72
    65
 73
     4
 40
70.0
 49
62.0
 74
     0
 49
-0.4
 74
    10
 75
     0
340
11
 46
2.5
 50
0.0
 44
0.0
 45
-1.25
  9
Н
 49
-2.6
 74
     0
 49
5.0
 74
     0
  0
LTYPE
  5
2A8
330
5
100
AcDbSymbolTableRecord
100
AcDbLinetypeTableRecord
  2
121-1_6 Бензопровод-тр.наземный
 70
     0
  3
5603_6
 72
    65
 73
     4
 40
70.0
 49
62.0
 74
     0
 49
-0.4
 74
    10
 75
     0
340
11
 46
2.5
 50
0.0
 44
0.0
 45
-1.25
  9
Б
 49
-2.6
 74
     0
 49
5.0
 74
     0
  0
LTYPE
  5
2A9
330
5
100
AcDbSymbolTableRecord
100
AcDbLinetypeTableRecord
  2
121-1_7 Твёрдые материалы-тр.наземный
 70
     0
  3
5603_7
 72
    65
 73
     4
 40
70.0
 49
59.5
 74
     0
 49
-0.4
 74
    10
 75
     0
340
11
 46
2.5
 50
0.0
 44
0.0
 45
-1.25
  9
Мт
 49
-5.099999999999999
 74
     0
 49
5.0
 74
     0
  0
LTYPE
  5
2AA
330
5
100
AcDbSymbolTableRecord
100
AcDbLinetypeTableRecord
  2
121-1_8 Недействующие-тр.наземный
 70
     0
  3
5603_8
 72
    65
 73
     4
 40
70.0
 49
57.5
 74
     0
 49
-0.4
 74
    10
 75
     0
340
11
 46
2.5
 50
0.0
 44
0.0
 45
-1.25
  9
нед.
 49
-7.099999999999999
 74
     0
 49
5.0
 74
     0
  0
LTYPE
  5
2AB
330
5
100
AcDbSymbolTableRecord
100
AcDbLinetypeTableRecord
  2
121-1_9 Строящиеся-тр.наземный
 70
     0
  3
5603_9
 72
    65
 73
     4
 40
70.0
 49
57.5
 74
     0
 49
-0.4
 74
    10
 75
     0
340
11
 46
2.5
 50
0.0
 44
0.0
 45
-1.25
  9
стр.
 49
-7.099999999999999
 74
     0
 49
5.0
 74
     0
  0
LTYPE
  5
2AC
330
5
100
AcDbSymbolTableRecord
100
AcDbLinetypeTableRecord
  2
122-6_1 Водопровод-тр.подземный
 70
     0
  3
5610_1
 72
    65
 73
    12
 40
50.0
 49
8.0
 74
     0
 49
-2.0
 74
     0
 49
8.0
 74
     0
 49
-2.0
 74
     0
 49
2.7
 74
    10
 75
     0
340
11
 46
2.5
 50
0.0
 44
0.0
 45
-1.25
  9
В
 49
-2.5
 74
     0
 49
2.799999999999999
 74
     0
 49
-2.0
 74
     0
 49
8.0
 74
     0
 49
-2.0
 74
     0
 49
8.0
 74
     0
 49
-2.0
 74
     0
  0
LTYPE
  5
2AD
330
5
100
AcDbSymbolTableRecord
100
AcDbLinetypeTableRecord
  2
122-6_2 Канализация-тр.подземный
 70
     0
  3
5610_2
 72
    65
 73
    12
 40
50.0
 49
8.0
 74
     0
 49
-2.0
 74
     0
 49
8.0
 74
     0
 49
-2.0
 74
     0
 49
2.7
 74
    10
 75
     0
340
11
 46
2.5
 50
0.0
 44
0.0
 45
-1.25
  9
К
 49
-2.5
 74
     0
 49
2.799999999999999
 74
     0
 49
-2.0
 74
     0
 49
8.0
 74
     0
 49
-2.0
 74
     0
 49
8.0
 74
     0
 49
-2.0
 74
     0
  0
LTYPE
  5
2AE
330
5
100
AcDbSymbolTableRecord
100
AcDbLinetypeTableRecord
  2
122-6_3 Газопровод-тр.подземный
 70
     0
  3
5610_3
 72
    65
 73
    12
 40
50.0
 49
8.0
 74
     0
 49
-2.0
 74
     0
 49
8.0
 74
     0
 49
-2.0
 74
     0
 49
2.7
 74
    10
 75
     0
340
11
 46
2.5
 50
0.0
 44
0.0
 45
-1.25
  9
Г
 49
-2.5
 74
     0
 49
2.799999999999999
 74
     0
 49
-2.0
 74
     0
 49
8.0
 74
     0
 49
-2.0
 74
     0
 49
8.0
 74
     0
 49
-2.0
 74
     0
  0
LTYPE
  5
2AF
330
5
100
AcDbSymbolTableRecord
100
AcDbLinetypeTableRecord
  2
122-6_4 Тепловая сеть-тр.подземный
 70
     0
  3
5610_4
 72
    65
 73
    12
 40
50.0
 49
8.0
 74
     0
 49
-2.0
 74
     0
 49
8.0
 74
     0
 49
-2.0
 74
     0
 49
2.7
 74
    10
 75
     0
340
11
 46
2.5
 50
0.0
 44
0.0
 45
-1.25
  9
Т
 49
-2.5
 74
     0
 49
2.799999999999999
 74
     0
 49
-2.0
 74
     0
 49
8.0
 74
     0
 49
-2.0
 74
     0
 49
8.0
 74
     0
 49
-2.0
 74
     0
  0
LTYPE
  5
2B0
330
5
100
AcDbSymbolTableRecord
100
AcDbLinetypeTableRecord
  2
122-6_5 Нефтепровод-тр.подземный
 70
     0
  3
5610_5
 72
    65
 73
    12
 40
50.0
 49
8.0
 74
     0
 49
-2.0
 74
     0
 49
8.0
 74
     0
 49
-2.0
 74
     0
 49
2.7
 74
    10
 75
     0
340
11
 46
2.5
 50
0.0
 44
0.0
 45
-1.25
  9
Н
 49
-2.5
 74
     0
 49
2.799999999999999
 74
     0
 49
-2.0
 74
     0
 49
8.0
 74
     0
 49
-2.0
 74
     0
 49
8.0
 74
     0
 49
-2.0
 74
     0
  0
LTYPE
  5
2B1
330
5
100
AcDbSymbolTableRecord
100
AcDbLinetypeTableRecord
  2
122-6_6 Бензопровод-тр.подземный
 70
     0
  3
5610_6
 72
    65
 73
    12
 40
50.0
 49
8.0
 74
     0
 49
-2.0
 74
     0
 49
8.0
 74
     0
 49
-2.0
 74
     0
 49
2.7
 74
    10
 75
     0
340
11
 46
2.5
 50
0.0
 44
0.0
 45
-1.25
  9
Б
 49
-2.5
 74
     0
 49
2.799999999999999
 74
     0
 49
-2.0
 74
     0
 49
8.0
 74
     0
 49
-2.0
 74
     0
 49
8.0
 74
     0
 49
-2.0
 74
     0
  0
LTYPE
  5
2B2
330
5
100
AcDbSymbolTableRecord
100
AcDbLinetypeTableRecord
  2
122-6_7 Твёрдые материалы-тр.подземный
 70
     0
  3
5610_7
 72
    65
 73
    12
 40
50.0
 49
8.0
 74
     0
 49
-2.0
 74
     0
 49
8.0
 74
     0
 49
-2.0
 74
     0
 49
1.5
 74
    10
 75
     0
340
11
 46
2.5
 50
0.0
 44
0.0
 45
-1.25
  9
Мт
 49
-5.0
 74
     0
 49
1.5
 74
     0
 49
-2.0
 74
     0
 49
8.0
 74
     0
 49
-2.0
 74
     0
 49
8.0
 74
     0
 49
-2.0
 74
     0
  0
LTYPE
  5
2B3
330
5
100
AcDbSymbolTableRecord
100
AcDbLinetypeTableRecord
  2
122-6_8 Недействующие-тр.подземный
 70
     0
  3
5610_8
 72
    65
 73
    12
 40
50.0
 49
8.0
 74
     0
 49
-2.0
 74
     0
 49
8.0
 74
     0
 49
-2.0
 74
     0
 49
0.5
 74
    10
 75
     0
340
11
 46
2.5
 50
0.0
 44
0.0
 45
-1.25
  9
нед.
 49
-7.0
 74
     0
 49
0.5
 74
     0
 49
-2.0
 74
     0
 49
8.0
 74
     0
 49
-2.0
 74
     0
 49
8.0
 74
     0
 49
-2.0
 74
     0
  0
LTYPE
  5
2B4
330
5
100
AcDbSymbolTableRecord
100
AcDbLinetypeTableRecord
  2
122-6_9 Строящиеся-тр.подземный
 70
     0
  3
5610_9
 72
    65
 73
    12
 40
50.0
 49
8.0
 74
     0
 49
-2.0
 74
     0
 49
8.0
 74
     0
 49
-2.0
 74
     0
 49
0.5
 74
    10
 75
     0
340
11
 46
2.5
 50
0.0
 44
0.0
 45
-1.25
  9
стр.
 49
-7.0
 74
     0
 49
0.5
 74
     0
 49
-2.0
 74
     0
 49
8.0
 74
     0
 49
-2.0
 74
     0
 49
8.0
 74
     0
 49
-2.0
 74
     0
  0
LTYPE
  5
2B5
330
5
100
AcDbSymbolTableRecord
100
AcDbLinetypeTableRecord
  2
133 Линии связи подземные
 70
     0
  3
5611
 72
    65
 73
     9
 40
30.0
 49
4.0
 74
     4
 75
    15
340
29C
 46
0.0125
 50
0.0
 44
0.0
 45
0.0
 49
4.0
 74
     0
 49
-2.0
 74
     0
 49
4.0
 74
     4
 75
    15
340
29C
 46
0.0125
 50
0.0
 44
0.0
 45
0.0
 49
4.0
 74
     4
 75
    32
340
29C
 46
0.1
 50
0.0
 44
0.8
 45
0.0
 49
-2.0
 74
     0
 49
4.0
 74
     4
 75
    15
340
29C
 46
0.0125
 50
0.0
 44
0.0
 45
0.0
 49
4.0
 74
     0
 49
-2.0
 74
     0
  0
LTYPE
  5
2B6
330
5
100
AcDbSymbolTableRecord
100
AcDbLinetypeTableRecord
  2
134 Линии связи воздушные
 70
     0
  3
5622
 72
    65
 73
    11
 40
15.5
 49
2.0
 74
     4
 75
    15
340
29C
 46
0.0125
 50
0.0
 44
0.0
 45
0.0
 49
3.5
 74
     0
 49
-0.5
 74
     4
 75
    14
340
29C
 46
0.1
 50
0.0
 44
0.0
 45
0.0
 49
-0.5
 74
     0
 49
0.75
 74
     4
 75
    32
340
29C
 46
0.1
 50
0.0
 44
0.8
 45
0.0
 49
-1.75
 74
     0
 49
0.75
 74
     4
 75
    15
340
29C
 46
0.0125
 50
0.0
 44
0.0
 45
0.0
 49
3.5
 74
     0
 49
-0.5
 74
     4
 75
    14
340
29C
 46
0.1
 50
0.0
 44
0.0
 45
0.0
 49
-0.5
 74
     0
 49
1.25
 74
     0
  0
LTYPE
  5
2B7
330
5
100
AcDbSymbolTableRecord
100
AcDbLinetypeTableRecord
  2
155 Железные дороги
 70
     0
  3
8100
 72
    65
 73
     3
 40
12.0
 49
0.0
 74
     0
 49
-6.0
 74
     4
 75
    35
340
29C
 46
0.05
 50
0.0
 44
0.0
 45
0.0
 49
-6.0
 74
     0
  0
LTYPE
  5
2B8
330
5
100
AcDbSymbolTableRecord
100
AcDbLinetypeTableRecord
  2
158-1 ЖД колея 1000мм
 70
     0
  3
8099
 72
    65
 73
     3
 40
6.0
 49
0.0
 74
     0
 49
-3.0
 74
     4
 75
    37
340
29C
 46
0.05
 50
0.0
 44
0.0
 45
0.0
 49
-3.0
 74
     0
  0
LTYPE
  5
2B9
330
5
100
AcDbSymbolTableRecord
100
AcDbLinetypeTableRecord
  2
158-2 Трамвайные линии
 70
     0
  3
8098
 72
    65
 73
     3
 40
6.0
 49
0.0
 74
     0
 49
-3.0
 74
     4
 75
    37
340
29C
 46
0.05
 50
0.0
 44
0.0
 45
0.0
 49
-3.0
 74
     0
  0
LTYPE
  5
2BA
330
5
100
AcDbSymbolTableRecord
100
AcDbLinetypeTableRecord
  2
161 Полотно разобранных железных дорог
 70
     0
  3
8102
 72
    65
 73
     3
 40
3.0
 49
0.0
 74
     0
 49
-1.5
 74
     4
 75
    38
340
29C
 46
0.05
 50
0.0
 44
0.0
 45
0.35
 49
-1.5
 74
     0
  0
LTYPE
  5
2BB
330
5
100
AcDbSymbolTableRecord
100
AcDbLinetypeTableRecord
  2
163 Фуникулер
 70
     0
  3
8103
 72
    65
 73
     5
 40
8.0
 49
0.0
 74
     0
 49
-2.0
 74
     4
 75
    18
340
29C
 46
0.05
 50
0.0
 44
0.0
 45
0.0
 49
-4.0
 74
     4
 75
    17
340
29C
 46
0.05
 50
0.0
 44
0.0
 45
0.0
 49
-2.0
 74
     0
 49
0.0
 74
     0
  0
LTYPE
  5
2BC
330
5
100
AcDbSymbolTableRecord
100
AcDbLinetypeTableRecord
  2
164 Фуникулер стр.
 70
     0
  3
164
 72
    65
 73
     5
 40
18.0
 49
0.0
 74
     4
 75
    18
340
29C
 46
0.05
 50
0.0
 44
0.0
 45
0.0
 49
-4.0
 74
     4
 75
    17
340
29C
 46
0.05
 50
0.0
 44
0.0
 45
0.0
 49
-4.0
 74
     4
 75
    18
340
29C
 46
0.05
 50
0.0
 44
0.0
 45
0.0
 49
-4.0
 74
     4
 75
    17
340
29C
 46
0.05
 50
0.0
 44
0.0
 45
0.0
 49
-6.0
 74
     0
  0
LTYPE
  5
2BD
330
5
100
AcDbSymbolTableRecord
100
AcDbLinetypeTableRecord
  2
192 Автомобильные дороги с деревянным покрытием
 70
     0
  3
2101
 72
    65
 73
     7
 40
28.0
 49
0.0
 74
     0
 49
-3.5
 74
     4
 75
    39
340
29C
 46
0.1
 50
0.0
 44
0.0
 45
0.0
 49
-7.0
 74
     4
 75
    39
340
29C
 46
0.1
 50
0.0
 44
0.0
 45
0.0
 49
-5.5
 74
     2
 75
     0
340
11
 46
3.0
 50
0.0
 44
0.0
 45
-1.5
  9
Д
 49
-1.5
 74
     4
 75
    39
340
29C
 46
0.1
 50
0.0
 44
0.0
 45
0.0
 49
-7.0
 74
     4
 75
    39
340
29C
 46
0.1
 50
0.0
 44
0.0
 45
0.0
 49
-3.5
 74
     0
  0
LTYPE
  5
2BE
330
5
100
AcDbSymbolTableRecord
100
AcDbLinetypeTableRecord
  2
197-5 Дороги строящиеся
 70
     0
  3
2108
 72
    65
 73
     3
 40
9.0
 49
0.0
 74
     0
 49
-4.0
 74
     4
 75
    30
340
29C
 46
0.1
 50
0.0
 44
-0.5
 45
0.0
 49
-5.0
 74
     0
  0
LTYPE
  5
2BF
330
5
100
AcDbSymbolTableRecord
100
AcDbLinetypeTableRecord
  2
199 Фашины
 70
     0
  3

 72
    65
 73
     3
 40
2.0
 49
0.0
 74
     0
 49
-1.0
 74
     4
 75
    40
340
29C
 46
0.1
 50
0.0
 44
0.0
 45
2.5
 49
-1.0
 74
     0
  0
LTYPE
  5
2C0
330
5
100
AcDbSymbolTableRecord
100
AcDbLinetypeTableRecord
  2
210-1 Насаждения Н более 4 м
 70
     0
  3
6122
 72
    65
 73
     3
 40
5.0
 49
0.0
 74
     0
 49
-0.75
 74
     4
 75
    14
340
29C
 46
0.15
 50
0.0
 44
0.0
 45
0.0
 49
-4.25
 74
     0
  0
LTYPE
  5
2C1
330
5
100
AcDbSymbolTableRecord
100
AcDbLinetypeTableRecord
  2
210-2 Узкие полосы деревьев Н менее 4 м
 70
     0
  3
6121
 72
    65
 73
     3
 40
3.0
 49
0.0
 74
     0
 49
-0.4
 74
     4
 75
    14
340
29C
 46
0.08
 50
0.0
 44
0.0
 45
0.0
 49
-2.6
 74
     0
  0
LTYPE
  5
2C2
330
5
100
AcDbSymbolTableRecord
100
AcDbLinetypeTableRecord
  2
210-3 Узкие полосы кустарников
 70
     0
  3
6240
 72
    65
 73
     4
 40
5.0
 49
0.0
 74
     0
 49
-0.4
 74
     4
 75
    14
340
29C
 46
0.08
 50
0.0
 44
0.0
 45
0.0
 49
-2.5
 74
     4
 75
    15
340
29C
 46
0.0125
 50
0.0
 44
0.0
 45
0.0
 49
-2.1
 74
     0
  0
LTYPE
  5
2C3
330
5
100
AcDbSymbolTableRecord
100
AcDbLinetypeTableRecord
  2
218 Берега обрывистые
 70
     0
  3

 72
    65
 73
     2
 40
1.5
 49
1.0
 74
     4
 75
    12
340
29C
 46
0.2
 50
0.0
 44
0.0
 45
0.0
 49
0.5
 74
     0
  0
LTYPE
  5
2C4
330
5
100
AcDbSymbolTableRecord
100
AcDbLinetypeTableRecord
  2
241 Водопады
 70
     0
  3
7903
 72
    65
 73
     2
 40
2.0
 49
1.0
 74
     4
 75
    11
340
29C
 46
0.1
 50
180.0
 44
0.0
 45
0.0
 49
1.0
 74
     0
  0
LTYPE
  5
2C5
330
5
100
AcDbSymbolTableRecord
100
AcDbLinetypeTableRecord
  2
254 Валики не выражающиеся в масштабе
 70
     0
  3
47
 72
    65
 73
     3
 40
2.0
 49
0.0
 74
     0
 49
-1.0
 74
     4
 75
    42
340
29C
 46
0.05
 50
0.0
 44
0.0
 45
0.25
 49
-1.0
 74
     0
  0
LTYPE
  5
2C6
330
5
100
AcDbSymbolTableRecord
100
AcDbLinetypeTableRecord
  2
269-1 Кяризы действующие
 70
     0
  3
7913
 72
    65
 73
    11
 40
15.2
 49
2.0
 74
     0
 49
-0.6
 74
     4
 75
    14
340
29C
 46
0.12
 50
0.0
 44
0.0
 45
0.0
 49
-0.6
 74
     0
 49
2.0
 74
     0
 49
-1.0
 74
     0
 49
2.0
 74
     0
 49
-1.0
 74
     0
 49
2.0
 74
     0
 49
-1.0
 74
     0
 49
2.0
 74
     0
 49
-1.0
 74
     0
  0
LTYPE
  5
2C7
330
5
100
AcDbSymbolTableRecord
100
AcDbLinetypeTableRecord
  2
269-2 Кяризы недействующие
 70
     0
  3
7914
 72
    65
 73
     5
 40
15.2
 49
2.0
 74
     0
 49
-0.6
 74
     4
 75
    14
340
29C
 46
0.12
 50
0.0
 44
0.0
 45
0.0
 49
-0.6
 74
     0
 49
2.0
 74
     0
 49
-10.0
 74
     0
  0
LTYPE
  5
2C8
330
5
100
AcDbSymbolTableRecord
100
AcDbLinetypeTableRecord
  2
274 Устройства рыбозащитные
 70
     0
  3
7915
 72
    65
 73
     3
 40
2.0
 49
0.5
 74
     4
 75
    12
340
29C
 46
0.2
 50
180.0
 44
0.0
 45
0.0
 49
0.5
 74
     0
 49
-1.0
 74
     0
  0
LTYPE
  5
2C9
330
5
100
AcDbSymbolTableRecord
100
AcDbLinetypeTableRecord
  2
280-1 Стенки подпорные каменные
 70
     0
  3
2800
 72
    65
 73
     2
 40
4.0
 49
2.0
 74
     4
 75
    23
340
29C
 46
0.04
 50
180.0
 44
0.0
 45
-0.4
 49
2.0
 74
     0
  0
LTYPE
  5
2CA
330
5
100
AcDbSymbolTableRecord
100
AcDbLinetypeTableRecord
  2
280-1_m Стенки подпорные каменные
 70
     0
  3
2800
 72
    65
 73
     2
 40
4.0
 49
2.0
 74
     4
 75
    23
340
29C
 46
0.04
 50
0.0
 44
0.0
 45
0.4
 49
2.0
 74
     0
  0
LTYPE
  5
2CB
330
5
100
AcDbSymbolTableRecord
100
AcDbLinetypeTableRecord
  2
281-1 Стенки подпорные деревянные отвесные
 70
     0
  3
2803
 72
    65
 73
     2
 40
4.0
 49
2.0
 74
     4
 75
    22
340
29C
 46
0.04
 50
180.0
 44
0.0
 45
-0.4
 49
2.0
 74
     0
  0
LTYPE
  5
2CC
330
5
100
AcDbSymbolTableRecord
100
AcDbLinetypeTableRecord
  2
281-1_m Стенки подпорные деревянные отвесные
 70
     0
  3
2803
 72
    65
 73
     2
 40
4.0
 49
2.0
 74
     4
 75
    22
340
29C
 46
0.04
 50
0.0
 44
0.0
 45
0.4
 49
2.0
 74
     0
  0
LTYPE
  5
2CD
330
5
100
AcDbSymbolTableRecord
100
AcDbLinetypeTableRecord
  2
333-a Обрывы скалистые
 70
     0
  3
6601
 72
    65
 73
     2
 40
1.0
 49
0.5
 74
     4
 75
    12
340
29C
 46
0.16
 50
180.0
 44
0.0
 45
0.0
 49
0.5
 74
     0
  0
LTYPE
  5
2CE
330
5
100
AcDbSymbolTableRecord
100
AcDbLinetypeTableRecord
  2
333-a_m Обрывы скалистые
 70
     0
  3
6601
 72
    65
 73
     2
 40
1.0
 49
0.5
 74
     4
 75
    12
340
29C
 46
0.16
 50
0.0
 44
0.0
 45
0.0
 49
0.5
 74
     0
  0
LTYPE
  5
2CF
330
5
100
AcDbSymbolTableRecord
100
AcDbLinetypeTableRecord
  2
335-a Дайки
 70
     0
  3
6604
 72
    65
 73
     2
 40
1.0
 49
0.5
 74
     4
 75
    12
340
29C
 46
0.6
 50
0.0
 44
0.0
 45
-1.5
 49
0.5
 74
     0
  0
LTYPE
  5
2D0
330
5
100
AcDbSymbolTableRecord
100
AcDbLinetypeTableRecord
  2
347 Гряды камней
 70
     0
  3
6605
 72
    65
 73
     7
 40
15.0
 49
0.0
 74
     0
 49
-1.149999999999999
 74
     4
 75
    23
340
29C
 46
0.1
 50
240.0
 44
0.0
 45
0.0
 49
-3.0
 74
     4
 75
    23
340
29C
 46
0.1
 50
305.0
 44
0.0
 45
0.0
 49
-3.0
 74
     4
 75
    23
340
29C
 46
0.1
 50
40.0
 44
0.0
 45
0.0
 49
-3.0
 74
     4
 75
    23
340
29C
 46
0.1
 50
193.0
 44
0.0
 45
0.0
 49
-3.0
 74
     4
 75
    23
340
29C
 46
0.1
 50
330.0
 44
0.0
 45
0.0
 49
-1.85
 74
     0
  0
LTYPE
  5
2D1
330
5
100
AcDbSymbolTableRecord
100
AcDbLinetypeTableRecord
  2
351 Уступы задернованные
 70
     0
  3
6003
 72
    65
 73
     2
 40
1.0
 49
0.0
 74
     4
 75
    24
340
29C
 46
0.005
 50
0.0
 44
0.0
 45
0.4
 49
-1.0
 74
     0
  0
LTYPE
  5
2D2
330
5
100
AcDbSymbolTableRecord
100
AcDbLinetypeTableRecord
  2
386-1 Полосы древесных насаждений Н до 4м
 70
     0
  3
6122
 72
    65
 73
     3
 40
3.0
 49
0.0
 74
     0
 49
-0.4
 74
     4
 75
    14
340
29C
 46
0.08
 50
0.0
 44
0.0
 45
0.0
 49
-2.6
 74
     0
  0
LTYPE
  5
2D3
330
5
100
AcDbSymbolTableRecord
100
AcDbLinetypeTableRecord
  2
386-2 Полосы древесных насаждений Н более 4м
 70
     0
  3
6122
 72
    65
 73
     3
 40
4.0
 49
0.0
 74
     0
 49
-1.0
 74
     4
 75
    14
340
29C
 46
0.2
 50
0.0
 44
0.0
 45
0.0
 49
-3.0
 74
     0
  0
LTYPE
  5
2D4
330
5
100
AcDbSymbolTableRecord
100
AcDbLinetypeTableRecord
  2
472 Ограда каменная и железобетонная более 1 м
 70
     0
  3
7011
 72
    65
 73
     3
 40
8.0
 49
0.0
 74
     0
 49
-4.0
 74
     4
 75
    43
340
29C
 46
0.1
 50
0.0
 44
0.0
 45
0.4
 49
-4.0
 74
     0
  0
LTYPE
  5
2D5
330
5
100
AcDbSymbolTableRecord
100
AcDbLinetypeTableRecord
  2
473 Ограда каменная и железобетонная менее 1 м
 70
     0
  3
7012
 72
    65
 73
     3
 40
8.0
 49
0.0
 74
     0
 49
-4.0
 74
     4
 75
    44
340
29C
 46
0.1
 50
0.0
 44
0.0
 45
0.4
 49
-4.0
 74
     0
  0
LTYPE
  5
2D6
330
5
100
AcDbSymbolTableRecord
100
AcDbLinetypeTableRecord
  2
474-1 Ограды металлические высотой 1 м и более
 70
     0
  3
7021
 72
    65
 73
     6
 40
5.0
 49
2.0
 74
     0
 49
-0.5
 74
     4
 75
    19
340
29C
 46
0.1
 50
0.0
 44
0.0
 45
0.0
 49
0.0
 74
     4
 75
    15
340
29C
 46
0.004
 50
0.0
 44
0.0
 45
0.0
 49
-0.1
 74
     4
 75
    12
340
29C
 46
0.1
 50
0.0
 44
-0.1
 45
0.5
 49
-0.4
 74
     0
 49
2.0
 74
     0
  0
LTYPE
  5
2D7
330
5
100
AcDbSymbolTableRecord
100
AcDbLinetypeTableRecord
  2
474-2 Ограды металлические высотой менее 1 м
 70
     0
  3
7020
 72
    65
 73
     2
 40
5.0
 49
3.0
 74
     4
 75
    15
340
29C
 46
0.025
 50
0.0
 44
0.0
 45
0.0
 49
2.0
 74
     0
  0
LTYPE
  5
2D8
330
5
100
AcDbSymbolTableRecord
100
AcDbLinetypeTableRecord
  2
474-3 Ограды металлические
 70
     0
  3
7025
 72
    65
 73
     4
 40
8.0
 49
0.0
 74
     0
 49
-2.0
 74
     4
 75
    45
340
29C
 46
0.025
 50
0.0
 44
0.0
 45
0.0
 49
-4.0
 74
     4
 75
    46
340
29C
 46
0.05
 50
0.0
 44
0.0
 45
0.0
 49
-2.0
 74
     0
  0
LTYPE
  5
2D9
330
5
100
AcDbSymbolTableRecord
100
AcDbLinetypeTableRecord
  2
475-1 Заборы деревянные сплошные
 70
     0
  3
7031
 72
    65
 73
     2
 40
5.0
 49
2.5
 74
     4
 75
    12
340
29C
 46
0.16
 50
0.0
 44
0.0
 45
0.0
 49
2.5
 74
     0
  0
LTYPE
  5
2DA
330
5
100
AcDbSymbolTableRecord
100
AcDbLinetypeTableRecord
  2
475-2 Заборы деревянные решетчатые
 70
     0
  3
7033
 72
    65
 73
     3
 40
6.0
 49
2.5
 74
     4
 75
    12
340
29C
 46
0.16
 50
0.0
 44
0.0
 45
0.0
 49
2.5
 74
     0
 49
-1.0
 74
     0
  0
LTYPE
  5
2DB
330
5
100
AcDbSymbolTableRecord
100
AcDbLinetypeTableRecord
  2
475-3 Заборы деревянные
 70
     0
  3
7091
 72
    65
 73
     3
 40
5.0
 49
0.0
 74
     0
 49
-2.5
 74
     4
 75
    47
340
29C
 46
0.1
 50
0.0
 44
0.0
 45
0.0
 49
-2.5
 74
     0
  0
LTYPE
  5
2DC
330
5
100
AcDbSymbolTableRecord
100
AcDbLinetypeTableRecord
  2
475-4 Заборы деревянные
 70
     0
  3

 72
    65
 73
     4
 40
10.0
 49
2.5
 74
     4
 75
    12
340
29C
 46
0.16
 50
0.0
 44
0.0
 45
0.0
 49
2.5
 74
     4
 75
    15
340
29C
 46
0.02
 50
0.0
 44
0.0
 45
0.0
 49
2.5
 74
     4
 75
    12
340
29C
 46
0.16
 50
0.0
 44
0.0
 45
0.0
 49
2.5
 74
     0
  0
LTYPE
  5
2DD
330
5
100
AcDbSymbolTableRecord
100
AcDbLinetypeTableRecord
  2
476-1 Ограждения из колючей проволоки
 70
     0
  3
7050
 72
    65
 73
     5
 40
5.0
 49
3.0
 74
     0
 49
-0.5
 74
     0
 49
0.5
 74
     4
 75
    12
340
29C
 46
0.2
 50
0.0
 44
0.0
 45
-0.5
 49
0.5
 74
     0
 49
-0.5
 74
     0
  0
LTYPE
  5
2DE
330
5
100
AcDbSymbolTableRecord
100
AcDbLinetypeTableRecord
  2
476-2 Ограждения из «гладкой» проволоки
 70
     0
  3
7060
 72
    65
 73
     5
 40
13.0
 49
6.0
 74
     0
 49
-0.5
 74
     0
 49
0.0
 74
     4
 75
    14
340
29C
 46
0.1
 50
0.0
 44
0.0
 45
0.0
 49
-0.5
 74
     0
 49
6.0
 74
     0
  0
LTYPE
  5
2DF
330
5
100
AcDbSymbolTableRecord
100
AcDbLinetypeTableRecord
  2
476-3 Ограждения из проволочной сетки
 70
     0
  3
7070
 72
    65
 73
     3
 40
10.0
 49
3.0
 74
     4
 75
    29
340
29C
 46
0.06
 50
0.0
 44
0.0
 45
0.0
 49
5.0
 74
     4
 75
    29
340
29C
 46
0.06
 50
180.0
 44
0.0
 45
0.0
 49
2.0
 74
     0
  0
LTYPE
  5
2E0
330
5
100
AcDbSymbolTableRecord
100
AcDbLinetypeTableRecord
  2
477 Изгороди и трельяжи
 70
     0
  3
7081
 72
    65
 73
     2
 40
5.0
 49
3.0
 74
     4
 75
    12
340
29C
 46
0.138564
 50
-30.0
 44
0.0
 45
0.0
 49
2.0
 74
     0
  0
LTYPE
  5
2E1
330
5
100
AcDbSymbolTableRecord
100
AcDbLinetypeTableRecord
  2
478 Границы государственные
 70
     0
  3
7000
 72
    65
 73
     5
 40
10.0
 49
0.0
 74
     0
 49
-3.0
 74
     4
 75
    26
340
29C
 46
0.05
 50
0.0
 44
0.0
 45
0.0
 49
-5.0
 74
     0
 49
0.0
 74
     4
 75
    15
340
29C
 46
0.025
 50
0.0
 44
0.0
 45
0.0
 49
-2.0
 74
     0
  0
LTYPE
  5
2E2
330
5
100
AcDbSymbolTableRecord
100
AcDbLinetypeTableRecord
  2
479 Границы союзных республик СССР
 70
     0
  3
7001
 72
    65
 73
     3
 40
8.0
 49
0.0
 74
     0
 49
-3.0
 74
     4
 75
    28
340
29C
 46
0.05
 50
0.0
 44
0.0
 45
0.0
 49
-5.0
 74
     0
  0
LTYPE
  5
2E3
330
5
100
AcDbSymbolTableRecord
100
AcDbLinetypeTableRecord
  2
480 Границы АССР
 70
     0
  3
7002
 72
    65
 73
     6
 40
9.0
 49
5.0
 74
     0
 49
-1.3
 74
     0
 49
0.0
 74
     0
 49
-1.399999999999999
 74
     0
 49
0.0
 74
     0
 49
-1.3
 74
     0
  0
LTYPE
  5
2E4
330
5
100
AcDbSymbolTableRecord
100
AcDbLinetypeTableRecord
  2
481 Границы автономных областей
 70
     0
  3
7003
 72
    65
 73
     6
 40
15.0
 49
5.0
 74
     0
 49
-2.0
 74
     0
 49
5.0
 74
     0
 49
-1.5
 74
     0
 49
0.0
 74
     0
 49
-1.5
 74
     0
  0
LTYPE
  5
2E5
330
5
100
AcDbSymbolTableRecord
100
AcDbLinetypeTableRecord
  2
482 Границы районов
 70
     0
  3
7004
 72
    65
 73
     4
 40
5.0
 49
3.0
 74
     0
 49
-1.0
 74
     0
 49
0.0
 74
     0
 49
-1.0
 74
     0
  0
LTYPE
  5
2E6
330
5
100
AcDbSymbolTableRecord
100
AcDbLinetypeTableRecord
  2
483 Границы городских земель
 70
     0
  3
7005
 72
    65
 73
     8
 40
8.0
 49
4.0
 74
     0
 49
-1.0
 74
     0
 49
0.0
 74
     0
 49
-1.0
 74
     0
 49
0.0
 74
     0
 49
-1.0
 74
     0
 49
0.0
 74
     0
 49
-1.0
 74
     0
  0
LTYPE
  5
2E7
330
5
100
AcDbSymbolTableRecord
100
AcDbLinetypeTableRecord
  2
484 Границы территорий сельских советов
 70
     0
  3
7006
 72
    65
 73
     4
 40
18.0
 49
15.0
 74
     0
 49
-1.5
 74
     0
 49
0.0
 74
     0
 49
-1.5
 74
     0
  0
LTYPE
  5
2E8
330
5
100
AcDbSymbolTableRecord
100
AcDbLinetypeTableRecord
  2
486 Границы государственных заповедников
 70
     0
  3
7007
 72
    65
 73
     7
 40
16.0
 49
0.0
 74
     0
 49
3.0
 74
     4
 75
    11
340
29C
 46
0.05
 50
0.0
 44
0.0
 45
0.0
 49
3.0
 74
     0
 49
-2.0
 74
     0
 49
3.0
 74
     4
 75
    11
340
29C
 46
0.05
 50
180.0
 44
0.0
 45
0.0
 49
3.0
 74
     0
 49
-2.0
 74
     0
  0
LTYPE
  5
6CD
330
5
100
AcDbSymbolTableRecord
100
AcDbLinetypeTableRecord
  2
BORDER2
 70
     0
  3
Border (.5x) __.__.__.__.__.__.__.__.__.__.__.
 72
    65
 73
     6
 40
0.875
 49
0.25
 74
     0
 49
-0.125
 74
     0
 49
0.25
 74
     0
 49
-0.125
 74
     0
 49
0.0
 74
     0
 49
-0.125
 74
     0
  0
ENDTAB
  0
TABLE
  2
LAYER
  5
2
102
{ACAD_XDICTIONARY
360
1FF
102
}
330
0
100
AcDbSymbolTable
 70
    22
  0
LAYER
  5
10
330
2
100
AcDbSymbolTableRecord
100
AcDbLayerTableRecord
  2
0
 70
     0
 62
     7
  6
Continuous
370
    -3
390
F
347
EE
348
0
  0
LAYER
  5
688
330
2
100
AcDbSymbolTableRecord
100
AcDbLayerTableRecord
  2
Слой1
 70
     0
 62
     7
  6
Continuous
370
    30
390
F
347
EE
348
0
1001
AcAecLayerStandard
1000

1000

1001
AcCmTransparency
1071
        0
  0
LAYER
  5
748
330
2
100
AcDbSymbolTableRecord
100
AcDbLayerTableRecord
  2
Headers
 70
     0
 62
     7
  6
Continuous
370
    -3
390
F
347
EE
348
0
1001
AcAecLayerStandard
1000

1000

1001
AcCmTransparency
1071
        0
  0
LAYER
  5
86E
330
2
100
AcDbSymbolTableRecord
100
AcDbLayerTableRecord
  2
Кабель
 70
     0
 62
     7
  6
Continuous
370
    -3
390
F
347
EE
348
0
1001
AcAecLayerStandard
1000

1000

1001
AcCmTransparency
1071
        0
  0
LAYER
  5
AEC
330
2
100
AcDbSymbolTableRecord
100
AcDbLayerTableRecord
  2
XT1
 70
     0
 62
     7
  6
Continuous
370
    -3
390
F
347
EE
348
0
1001
AcAecLayerStandard
1000

1000

1001
AcCmTransparency
1071
        0
  0
LAYER
  5
AED
330
2
100
AcDbSymbolTableRecord
100
AcDbLayerTableRecord
  2
XT2
 70
     0
 62
     7
  6
Continuous
370
    -3
390
F
347
EE
348
0
1001
AcAecLayerStandard
1000

1000

1001
AcCmTransparency
1071
        0
  0
LAYER
  5
AEE
330
2
100
AcDbSymbolTableRecord
100
AcDbLayerTableRecord
  2
XT3
 70
     0
 62
     7
  6
Continuous
370
    -3
390
F
347
EE
348
0
1001
AcAecLayerStandard
1000

1000

1001
AcCmTransparency
1071
        0
  0
LAYER
  5
AF0
330
2
100
AcDbSymbolTableRecord
100
AcDbLayerTableRecord
  2
XT4
 70
     0
 62
     7
  6
Continuous
370
    -3
390
F
347
EE
348
0
1001
AcAecLayerStandard
1000

1000

1001
AcCmTransparency
1071
        0
  0
LAYER
  5
AF1
330
2
100
AcDbSymbolTableRecord
100
AcDbLayerTableRecord
  2
XT5
 70
     0
 62
     7
  6
Continuous
370
    -3
390
F
347
EE
348
0
1001
AcAecLayerStandard
1000

1000

1001
AcCmTransparency
1071
        0
  0
LAYER
  5
AF2
330
2
100
AcDbSymbolTableRecord
100
AcDbLayerTableRecord
  2
XT6
 70
     0
 62
     7
  6
Continuous
370
    -3
390
F
347
EE
348
0
1001
AcAecLayerStandard
1000

1000

1001
AcCmTransparency
1071
        0
  0
LAYER
  5
AF3
330
2
100
AcDbSymbolTableRecord
100
AcDbLayerTableRecord
  2
XT7
 70
     0
 62
     7
  6
Continuous
370
    -3
390
F
347
EE
348
0
1001
AcAecLayerStandard
1000

1000

1001
AcCmTransparency
1071
        0
  0
LAYER
  5
AF4
330
2
100
AcDbSymbolTableRecord
100
AcDbLayerTableRecord
  2
XT8
 70
     0
 62
     7
  6
Continuous
370
    -3
390
F
347
EE
348
0
1001
AcAecLayerStandard
1000

1000

1001
AcCmTransparency
1071
        0
  0
LAYER
  5
AF5
330
2
100
AcDbSymbolTableRecord
100
AcDbLayerTableRecord
  2
XT9
 70
     0
 62
     7
  6
Continuous
370
    -3
390
F
347
EE
348
0
1001
AcAecLayerStandard
1000

1000

1001
AcCmTransparency
1071
        0
  0
LAYER
  5
AF6
330
2
100
AcDbSymbolTableRecord
100
AcDbLayerTableRecord
  2
XT10
 70
     0
 62
     7
  6
Continuous
370
    -3
390
F
347
EE
348
0
1001
AcAecLayerStandard
1000

1000

1001
AcCmTransparency
1071
        0
  0
LAYER
  5
1271
330
2
100
AcDbSymbolTableRecord
100
AcDbLayerTableRecord
  2
ВНЕШНИЕ ПОДКЛЮЧЕНИЯ
 70
     0
 62
     7
  6
Continuous
370
    13
390
F
347
EE
348
0
1001
AcAecLayerStandard
1000

1000

  0
LAYER
  5
1272
330
2
100
AcDbSymbolTableRecord
100
AcDbLayerTableRecord
  2
Рамка А3
 70
     0
 62
     7
  6
Continuous
370
    -3
390
F
347
EE
348
0
1001
AcAecLayerStandard
1000

1000

1001
AcCmTransparency
1071
        0
  0
LAYER
  5
1273
330
2
100
AcDbSymbolTableRecord
100
AcDbLayerTableRecord
  2
Таблица текст
 70
     0
 62
     7
  6
Continuous
370
    20
390
F
347
EE
348
0
1001
AcAecLayerStandard
1000

1000

  0
LAYER
  5
1274
330
2
100
AcDbSymbolTableRecord
100
AcDbLayerTableRecord
  2
Рамка внешний контур
 70
     0
 62
     7
  6
Continuous
370
    15
390
F
347
EE
348
0
1001
AcAecLayerStandard
1000

1000

  0
LAYER
  5
1275
330
2
100
AcDbSymbolTableRecord
100
AcDbLayerTableRecord
  2
Рамка_штамп
 70
     0
 62
     7
  6
Continuous
370
    25
390
F
347
EE
348
0
1001
AcAecLayerStandard
1000

1000

  0
LAYER
  5
13D1
330
2
100
AcDbSymbolTableRecord
100
AcDbLayerTableRecord
  2
QF
 70
     0
 62
     7
  6
Continuous
370
    -3
390
F
347
EE
348
0
1001
AcAecLayerStandard
1000

1000

1001
AcCmTransparency
1071
        0
  0
LAYER
  5
13D5
330
2
100
AcDbSymbolTableRecord
100
AcDbLayerTableRecord
  2
KM
 70
     0
 62
     7
  6
Continuous
370
    30
390
F
347
EE
348
0
1001
AcAecLayerStandard
1000

1000

1001
AcCmTransparency
1071
        0
  0
LAYER
  5
1404
330
2
100
AcDbSymbolTableRecord
100
AcDbLayerTableRecord
  2
KL
 70
     0
 62
     7
  6
Continuous
370
    -3
390
F
347
EE
348
0
1001
AcAecLayerStandard
1000

1000

1001
AcCmTransparency
1071
        0
  0
ENDTAB
  0
TABLE
  2
STYLE
  5
3
330
0
100
AcDbSymbolTable
 70
    10
  0
STYLE
  5
11
330
3
100
AcDbSymbolTableRecord
100
AcDbTextStyleTableRecord
  2
Standard
 70
     0
 40
0.0
 41
1.0
 50
0.0
 71
     0
 42
2.5
  3
arial.ttf
  4

1001
ACAD
1000
Arial
1071
       34
  0
STYLE
  5
132
330
3
100
AcDbSymbolTableRecord
100
AcDbTextStyleTableRecord
  2
Аннотативный
 70
     0
 40
0.0
 41
1.0
 50
0.0
 71
     0
 42
2.5
  3
arial.ttf
  4

1001
AcadAnnotative
1000
AnnotativeData
1002
{
1070
     1
1070
     1
1002
}
1001
ACAD
1000
Arial
1071
       34
  0
STYLE
  5
29C
330
3
100
AcDbSymbolTableRecord
100
AcDbTextStyleTableRecord
  2

 70
     1
 40
0.0
 41
1.0
 50
0.0
 71
     0
 42
2.5
  3
Russia-GOST_Topo.shx
  4

  0
STYLE
  5
30A
330
3
100
AcDbSymbolTableRecord
100
AcDbTextStyleTableRecord
  2
GOST-2.304_Type-B
 70
     0
 40
0.0
 41
1.0
 50
0.0
 71
     0
 42
2.5
  3
GOST Common.ttf
  4

1001
ACAD
1000
GOST Common
1071
       34
  0
STYLE
  5
30B
330
3
100
AcDbSymbolTableRecord
100
AcDbTextStyleTableRecord
  2
GOST-2.304_Type-B_italic
 70
     0
 40
0.0
 41
1.0
 50
0.0
 71
     0
 42
2.5
  3
GOST Common Italic.ttf
  4

1001
ACAD
1000
GOST Common
1071
 16777250
  0
STYLE
  5
30C
330
3
100
AcDbSymbolTableRecord
100
AcDbTextStyleTableRecord
  2
GOST-2.304_Type-B_shrink
 70
     0
 40
0.0
 41
0.8
 50
0.0
 71
     0
 42
2.5
  3
GOST Common.ttf
  4

1001
ACAD
1000
GOST Common
1071
       34
  0
STYLE
  5
6CE
330
3
100
AcDbSymbolTableRecord
100
AcDbTextStyleTableRecord
  2
ЕСКД - 3
 70
     0
 40
3.0
 41
0.7
 50
15.0
 71
     0
 42
3.0
  3
win_eskd.shx
  4

  0
STYLE
  5
73B
330
3
100
AcDbSymbolTableRecord
100
AcDbTextStyleTableRecord
  2
GOST_A
 70
     0
 40
0.0
 41
1.0
 50
0.0
 71
     0
 42
30.0
  3
GOST_0.TTF
  4

1001
ACAD
1000
GOST type A
1071
       34
  0
STYLE
  5
988
330
3
100
AcDbSymbolTableRecord
100
AcDbTextStyleTableRecord
  2
Текст 1
 70
     0
 40
1.0
 41
1.0
 50
0.0
 71
     0
 42
2.0
  3
GOST_0.TTF
  4

1001
ACAD
1000
GOST type A
1071
       34
  0
STYLE
  5
1276
330
3
100
AcDbSymbolTableRecord
100
AcDbTextStyleTableRecord
  2
Текст 1.5
 70
     0
 40
1.5
 41
1.0
 50
0.0
 71
     0
 42
2.5
  3
GOST_0.TTF
  4

1001
ACAD
1000
GOST type A
1071
       34
  0
ENDTAB
  0
TABLE
  2
VIEW
  5
6
330
0
100
AcDbSymbolTable
 70
     0
  0
ENDTAB
  0
TABLE
  2
UCS
  5
7
330
0
100
AcDbSymbolTable
 70
     0
  0
ENDTAB
  0
TABLE
  2
APPID
  5
9
330
0
100
AcDbSymbolTable
 70
    20
  0
APPID
  5
12
330
9
100
AcDbSymbolTableRecord
100
AcDbRegAppTableRecord
  2
ACAD
 70
     0
  0
APPID
  5
9E
330
9
100
AcDbSymbolTableRecord
100
AcDbRegAppTableRecord
  2
ACAD_PSEXT
 70
     0
  0
APPID
  5
133
330
9
100
AcDbSymbolTableRecord
100
AcDbRegAppTableRecord
  2
AcadAnnoPO
 70
     0
  0
APPID
  5
134
330
9
100
AcDbSymbolTableRecord
100
AcDbRegAppTableRecord
  2
AcadAnnotative
 70
     0
  0
APPID
  5
135
330
9
100
AcDbSymbolTableRecord
100
AcDbRegAppTableRecord
  2
ACAD_DSTYLE_DIMJAG
 70
     0
  0
APPID
  5
136
330
9
100
AcDbSymbolTableRecord
100
AcDbRegAppTableRecord
  2
ACAD_DSTYLE_DIMTALN
 70
     0
  0
APPID
  5
165
330
9
100
AcDbSymbolTableRecord
100
AcDbRegAppTableRecord
  2
ACAD_MLEADERVER
 70
     0
  0
APPID
  5
217
330
9
100
AcDbSymbolTableRecord
100
AcDbRegAppTableRecord
  2
ACAD_NAV_VCDISPLAY
 70
     0
  0
APPID
  5
276
330
9
100
AcDbSymbolTableRecord
100
AcDbRegAppTableRecord
  2
SPDS.2018
 70
     0
  0
APPID
  5
689
330
9
100
AcDbSymbolTableRecord
100
AcDbRegAppTableRecord
  2
AcAecLayerStandard
 70
     0
  0
APPID
  5
68A
330
9
100
AcDbSymbolTableRecord
100
AcDbRegAppTableRecord
  2
AcCmTransparency
 70
     0
  0
APPID
  5
746
330
9
100
AcDbSymbolTableRecord
100
AcDbRegAppTableRecord
  2
ACAD_EXEMPT_FROM_CAD_STANDARDS
 70
     0
  0
APPID
  5
D30
330
9
100
AcDbSymbolTableRecord
100
AcDbRegAppTableRecord
  2
MCS_DIM1
 70
     0
  0
APPID
  5
D31
330
9
100
AcDbSymbolTableRecord
100
AcDbRegAppTableRecord
  2
McsXdata5
 70
     0
  0
APPID
  5
D34
330
9
100
AcDbSymbolTableRecord
100
AcDbRegAppTableRecord
  2
MCS_DOCUMENT_ID
 70
     0
  0
APPID
  5
D3C
330
9
100
AcDbSymbolTableRecord
100
AcDbRegAppTableRecord
  2
MCS_PARAMS_DATA
 70
     0
  0
APPID
  5
D3E
330
9
100
AcDbSymbolTableRecord
100
AcDbRegAppTableRecord
  2
MC_VERSION_DATA
 70
     0
  0
APPID
  5
12F2
330
9
100
AcDbSymbolTableRecord
100
AcDbRegAppTableRecord
  2
GradientColor1ACI
 70
     0
  0
APPID
  5
12F3
330
9
100
AcDbSymbolTableRecord
100
AcDbRegAppTableRecord
  2
GradientColor2ACI
 70
     0
  0
APPID
  5
1330
330
9
100
AcDbSymbolTableRecord
100
AcDbRegAppTableRecord
  2
HATCHBACKGROUNDCOLOR
 70
     0
  0
ENDTAB
  0
TABLE
  2
DIMSTYLE
  5
A
330
0
100
AcDbSymbolTable
 70
     3
100
AcDbDimStyleTable
 71
     1
340
27
  0
DIMSTYLE
105
1B0
330
A
100
AcDbSymbolTableRecord
100
AcDbDimStyleTableRecord
  2
Standard
 70
     0
340
11
  0
DIMSTYLE
105
137
330
A
100
AcDbSymbolTableRecord
100
AcDbDimStyleTableRecord
  2
Аннотативный
 70
     0
 40
0.0
 41
2.5
 42
0.625
 43
3.75
 44
1.25
 73
     0
 74
     0
 77
     1
 78
     8
140
2.5
141
2.5
143
0.03937007874016
147
0.625
171
     3
172
     1
271
     2
272
     2
274
     3
278
    44
283
     0
284
     8
340
11
1001
AcadAnnotative
1000
AnnotativeData
1002
{
1070
     1
1070
     1
1002
}
1001
ACAD_DSTYLE_DIMJAG
1070
   388
1040
1.5
1001
ACAD_DSTYLE_DIMTALN
1070
   392
1070
     0
  0
DIMSTYLE
105
27
330
A
100
AcDbSymbolTableRecord
100
AcDbDimStyleTableRecord
  2
ISO-25
 70
     0
 41
2.5
 42
0.625
 43
3.75
 44
1.25
 73
     0
 74
     0
 77
     1
 78
     8
140
2.5
141
2.5
143
0.03937007874016
147
0.625
171
     3
172
     1
271
     2
272
     2
274
     3
278
    44
283
     0
284
     8
340
11
  0
ENDTAB
  0
TABLE
  2
BLOCK_RECORD
  5
1
330
0
100
AcDbSymbolTable
 70
     2
  0
BLOCK_RECORD
  5
1F
102
{ACAD_XDICTIONARY
360
D36
102
}
330
1
100
AcDbSymbolTableRecord
100
AcDbBlockTableRecord
  2
*Model_Space
340
22
 70
     0
280
     1
281
     0
  0
BLOCK_RECORD
  5
D2
330
1
100
AcDbSymbolTableRecord
100
AcDbBlockTableRecord
  2
*Paper_Space
340
D3
 70
     0
280
     1
281
     0
  0
BLOCK_RECORD
  5
D6
330
1
100
AcDbSymbolTableRecord
100
AcDbBlockTableRecord
  2
*Paper_Space0
340
D7
 70
     0
280
     1
281
     0
  0
BLOCK_RECORD
  5
123C
330
1
100
AcDbSymbolTableRecord
100
AcDbBlockTableRecord
  2
2-я страница_(RU)
340
0
310
2800000020000000200000000100200000000000001000000100000001000000000000000000000080717BF6302821FF302821FF302821FF302821FF302821FF302821FF302821FF302821FF302821FF302821FF302821FF302821FF302821FF302821FF302821FF302821FF302821FF302821FF302821FF302821FF302821
310
FF302821FF302821FF302821FF302821FF302821FF302821FF302821FF302821FF302821FF302821FF302821FF302821FF302821FF302821FF302821FF302821FF302821FF302821FF302821FF302821FF302821FF302821FF302821FF302821FF302821FF302821FF302821FF302821FF302821FF302821FF302821FF3028
310
21FF302821FF302821FF302821FF302821FF302821FF302821FF302821FF302821FF302821FF302821FF302821FF302821FF302821FF302821FF302821FF302821FF302821FF302821FF302821FF302821FF302821FF302821FF302821FF302821FF302821FF302821FF302821FF302821FF302821FF302821FF302821FF30
310
2821FF302821FF302821FF302821FF302821FF302821FF302821FF302821FF302821FF302821FF302821FF302821FF302821FF302821FF302821FF302821FF302821FF302821FF302821FF302821FF302821FF302821FF302821FF302821FF302821FF302821FF302821FF302821FF302821FF302821FF302821FF302821FF
310
302821FF302821FF302821FF302821FF302821FF302821FF302821FF302821FF302821FF302821FF302821FF302821FF302821FF302821FF302821FF302821FF302821FF302821FF302821FF302821FF302821FF302821FF302821FF302821FF302821FF302821FF302821FF302821FF302821FF302821FF302821FF302821
310
FF302821FF302821FF302821FF302821FF302821FF302821FF302821FF302821FF302821FF302821FF302821FF302821FF302821FF302821FF302821FF302821FF302821FF302821FF302821FF302821FF302821FF302821FF302821FF302821FF302821FF302821FF302821FF302821FF302821FF302821FF302821FF3028
310
21FF302821FF302821FF302821FF302821FF302821FF302821FF302821FF302821FF302821FF302821FF302821FF302821FF302821FFFFFFFFFFFFFFFFFFFFFFFFFFFFFFFFFFFFFFFFFFFFFFFFFFFFFFFFFFFFFFFFFFFFFFFFFFFFFFFFFFFFFFFFFFFFFFFFFFFFFFFFFFFFFFFFFFFFFFFFFFFFFFFFFFFFFFFFFFFFFFFFFFFF
310
FFFFFFFFFFFFFFFFFFFFFFFFFFFFFFFFFFFFFFFFFFFFFFFFFFFFFFFFFFFFFFFFFFFFFFFFFFFFFFFFFFFFFFFFFFFFFF302821FF302821FFFFFFFFFFFFFFFFFFFFFFFFFF302821FF302821FF302821FF302821FF302821FF302821FF302821FF302821FF302821FF302821FF302821FF302821FF302821FFFFFFFFFFFFFFFFFF
310
FFFFFFFFFFFFFFFFFFFFFFFFFFFFFFFFFFFFFFFFFFFFFFFFFFFFFFFFFFFFFFFFFFFFFFFFFFFFFFFFFFFFFFFFFFFFFFFF302821FF302821FFFFFFFFFFFFFFFFFFFFFFFFFF302821FF302821FF302821FF302821FF302821FF302821FF302821FF302821FF302821FF302821FF302821FF302821FF302821FF302821FF302821
310
FF302821FF302821FF302821FF302821FF302821FF302821FF302821FF302821FF302821FF302821FFFFFFFFFFFFFFFFFF302821FF302821FFFFFFFFFFFFFFFFFFFFFFFFFF302821FF302821FF302821FF302821FF302821FF302821FF302821FF302821FF302821FF302821FF302821FF302821FF302821FF302821FF3028
310
21FF302821FF302821FF302821FF302821FF302821FF302821FF302821FF302821FF302821FF302821FFFFFFFFFFFFFFFFFF302821FF302821FFFFFFFFFFFFFFFFFFFFFFFFFF302821FF302821FF302821FF302821FF302821FF302821FF302821FF302821FF302821FF302821FF302821FF302821FF302821FF302821FF30
310
2821FF302821FF302821FF302821FF302821FF302821FF302821FF302821FF302821FF302821FF302821FFFFFFFFFFFFFFFFFF302821FF302821FFFFFFFFFFFFFFFFFFFFFFFFFF302821FF302821FF302821FF302821FF302821FF302821FF302821FF302821FF302821FF302821FF302821FF302821FF302821FF302821FF
310
302821FF302821FF302821FF302821FF302821FF302821FF302821FF302821FF302821FF302821FF302821FFFFFFFFFFFFFFFFFF302821FF302821FFFFFFFFFFFFFFFFFFFFFFFFFF302821FF302821FF302821FF302821FF302821FF302821FF302821FF302821FF302821FF302821FF302821FF302821FF302821FF302821
310
FF302821FF302821FF302821FF302821FF302821FF302821FF302821FF302821FF302821FF302821FF302821FFFFFFFFFFFFFFFFFF302821FF302821FFFFFFFFFFFFFFFFFFFFFFFFFF302821FF302821FF302821FF302821FF302821FF302821FF302821FF302821FF302821FF302821FF302821FF302821FF302821FF3028
310
21FF302821FF302821FF302821FF302821FF302821FF302821FF302821FF302821FF302821FF302821FF302821FFFFFFFFFFFFFFFFFF302821FF302821FFFFFFFFFFFFFFFFFFFFFFFFFF302821FF302821FF302821FF302821FF302821FF302821FF302821FF302821FF302821FF302821FF302821FF302821FF302821FF30
310
2821FF302821FF302821FF302821FF302821FF302821FF302821FF302821FF302821FF302821FF302821FF302821FFFFFFFFFFFFFFFFFF302821FF302821FFFFFFFFFFFFFFFFFFFFFFFFFF302821FF302821FF302821FF302821FF302821FF302821FF302821FF302821FF302821FF302821FF302821FF302821FF302821FF
310
302821FF302821FF302821FF302821FF302821FF302821FF302821FF302821FF302821FF302821FF302821FF302821FFFFFFFFFFFFFFFFFF302821FF302821FFFFFFFFFFFFFFFFFFFFFFFFFF302821FF302821FF302821FF302821FF302821FF302821FF302821FF302821FF302821FF302821FF302821FF302821FF302821
310
FF302821FF302821FF302821FF302821FF302821FF302821FF302821FF302821FF302821FF302821FF302821FF302821FFFFFFFFFFFFFFFFFF302821FF302821FFFFFFFFFFFFFFFFFFFFFFFFFF302821FF302821FF302821FF302821FF302821FF302821FF302821FF302821FF302821FF302821FF302821FF302821FF3028
310
21FF302821FF302821FF302821FF302821FF302821FF302821FF302821FF302821FF302821FF302821FF302821FF302821FFFFFFFFFFFFFFFFFF302821FF302821FFFFFFFFFFFFFFFFFFFFFFFFFF302821FF302821FF302821FF302821FF302821FF302821FF302821FF302821FF302821FF302821FF302821FF302821FF30
310
2821FF302821FF302821FF302821FF302821FF302821FF302821FF302821FF302821FF302821FF302821FF302821FF302821FFFFFFFFFFFFFFFFFF302821FF302821FFFFFFFFFFFFFFFFFFFFFFFFFF302821FF302821FF302821FF302821FF302821FF302821FF302821FF302821FF302821FF302821FF302821FF302821FF
310
302821FF302821FF302821FF302821FF302821FF302821FF302821FF302821FF302821FF302821FF302821FF302821FF302821FFFFFFFFFFFFFFFFFF302821FF302821FFFFFFFFFFFFFFFFFFFFFFFFFF302821FF302821FF302821FF302821FF302821FF302821FF302821FF302821FF302821FF302821FF302821FF302821
310
FF302821FF302821FF302821FF302821FF302821FF302821FF302821FF302821FF302821FF302821FF302821FF302821FF302821FFFFFFFFFFFFFFFFFF302821FF302821FFFFFFFFFFFFFFFFFFFFFFFFFF302821FF302821FF302821FF302821FF302821FF302821FF302821FF302821FF302821FF302821FF302821FF3028
310
21FF302821FF302821FF302821FF302821FF302821FF302821FF302821FF302821FF302821FF302821FF302821FF302821FF302821FFFFFFFFFFFFFFFFFF302821FF302821FFFFFFFFFFFFFFFFFFFFFFFFFF302821FF302821FF302821FF302821FF302821FF302821FF302821FF302821FF302821FF302821FF302821FF30
310
2821FF302821FF302821FF302821FF302821FF302821FF302821FF302821FF302821FF302821FF302821FF302821FF302821FF302821FFFFFFFFFFFFFFFFFF302821FF302821FFFFFFFFFFFFFFFFFFFFFFFFFF302821FF302821FF302821FF302821FF302821FF302821FF302821FF302821FF302821FF302821FF302821FF
310
302821FF302821FF302821FF302821FF302821FF302821FF302821FF302821FF302821FF302821FF302821FF302821FF302821FF302821FFFFFFFFFFFFFFFFFF302821FF302821FFFFFFFFFFFFFFFFFFFFFFFFFF302821FF302821FF302821FF302821FF302821FF302821FF302821FF302821FF302821FF302821FF302821
310
FF302821FF302821FF302821FF302821FF302821FF302821FF302821FF302821FF302821FF302821FF302821FF302821FF302821FF302821FFFFFFFFFFFFFFFFFF302821FF302821FFFFFFFFFFFFFFFFFFFFFFFFFFFFFFFFFFFFFFFFFFFFFFFFFFFFFFFFFFFFFFFFFFFFFFFFFFFFFFFFFFFFFFFFFFFFFFFFFFFFFFFFFFFFFF
310
FFFFFFFFFFFFFFFFFFFFFFFFFFFFFFFFFFFFFFFFFFFFFFFFFFFFFFFFFFFFFFFFFFFFFFFFFFFFFFFFFFFFFFFFFFFFFFFFFFFFFFFFFFFFFFFFFFFFFFFFFFFFFFFFFFFF302821FF302821FF302821FF302821FF302821FF302821FF302821FF302821FF302821FF302821FF302821FF302821FF302821FF302821FF302821FF30
310
2821FF302821FF302821FF302821FF302821FF302821FF302821FF302821FF302821FF302821FF302821FF302821FF302821FF302821FF302821FF302821FF302821FF302821FF302821FF302821FF302821FF302821FF302821FF302821FF302821FF302821FF302821FF302821FF302821FF302821FF302821FF302821FF
310
302821FF302821FF302821FF302821FF302821FF302821FF302821FF302821FF302821FF302821FF302821FF302821FF302821FF302821FF302821FF302821FF302821FF302821FF302821FF302821FF302821FF302821FF302821FF302821FF302821FF302821FF302821FF302821FF302821FF302821FF302821FF302821
310
FF302821FF302821FF302821FF302821FF302821FF302821FF302821FF302821FF302821FF302821FF302821FF302821FF302821FF302821FF302821FF302821FF302821FF302821FF302821FF302821FF302821FF302821FF302821FF302821FF302821FF302821FF302821FF302821FF302821FF302821FF302821FF3028
310
21FF302821FF302821FF302821FF302821FF302821FF302821FF302821FF302821FF302821FF302821FF302821FF302821FF302821FF302821FF302821FF302821FF302821FF302821FF302821FF302821FF302821FF302821FF302821FF302821FF302821FF302821FF302821FF302821FF302821FF302821FF302821FF30
310
2821FF302821FF302821FF302821FF302821FF302821FF302821FF302821FF302821FF302821FF302821FF302821FF302821FF302821FF302821FF302821FF302821FF302821FF302821FF302821FF302821FF302821FF302821FF302821FF302821FF302821FF302821FF302821FF302821FF302821FF302821FF302821FF
310
302821FF302821FF302821FF302821FF302821FF302821FF302821FF302821FF302821FF302821FF302821FF302821FF302821FF302821FF302821FF302821FF302821FF302821FF
 70
     4
280
     1
281
     0
  0
ENDTAB
  0
ENDSEC
  0
SECTION
  2
BLOCKS
  0
BLOCK
  5
20
330
1F
100
AcDbEntity
  8
0
100
AcDbBlockBegin
  2
*Model_Space
 70
     0
 10
0.0
 20
0.0
 30
0.0
  3
*Model_Space
  1

  0
ENDBLK
  5
21
330
1F
100
AcDbEntity
  8
0
100
AcDbBlockEnd
  0
BLOCK
  5
D4
330
D2
100
AcDbEntity
 67
     1
  8
0
100
AcDbBlockBegin
  2
*Paper_Space
 70
     0
 10
0.0
 20
0.0
 30
0.0
  3
*Paper_Space
  1

  0
ENDBLK
  5
D5
330
D2
100
AcDbEntity
 67
     1
  8
0
100
AcDbBlockEnd
  0
BLOCK
  5
D8
330
D6
100
AcDbEntity
 67
     1
  8
0
100
AcDbBlockBegin
  2
*Paper_Space0
 70
     0
 10
0.0
 20
0.0
 30
0.0
  3
*Paper_Space0
  1

  0
ENDBLK
  5
D9
330
D6
100
AcDbEntity
 67
     1
  8
0
100
AcDbBlockEnd
  0
BLOCK
  5
123D
330
123C
100
AcDbEntity
  8
0
 62
     1
100
AcDbBlockBegin
  2
2-я страница_(RU)
 70
     0
 10
0.0
 20
0.0
 30
0.0
  3
2-я страница_(RU)
  1

  0
LWPOLYLINE
  5
123E
330
123C
100
AcDbEntity
  8
Рамка внешний контур
100
AcDbPolyline
 90
        5
 70
     0
 43
0.0
 10
0.0
 20
297.0
 10
420.0
 20
297.0
 10
420.0
 20
0.0
 10
0.0
 20
0.0
 10
0.0
 20
297.0
  0
LWPOLYLINE
  5
123F
330
123C
100
AcDbEntity
  8
Рамка_штамп
100
AcDbPolyline
 90
        5
 70
     0
 43
0.0
 10
20.0
 20
292.0
 10
415.0
 20
292.0
 10
415.0
 20
5.0
 10
20.0
 20
5.0
 10
20.0
 20
292.0
  0
LWPOLYLINE
  5
1240
330
123C
100
AcDbEntity
  8
Рамка_штамп
100
AcDbPolyline
 90
        4
 70
     0
 43
0.0
 10
20.0
 20
292.0
 10
8.0
 20
292.0
 10
8.0
 20
172.0
 10
20.0
 20
172.0
  0
LWPOLYLINE
  5
1241
330
123C
100
AcDbEntity
  8
Рамка_штамп
100
AcDbPolyline
 90
        2
 70
     0
 43
0.0
 10
13.0
 20
172.0
 10
13.0
 20
292.0
  0
LWPOLYLINE
  5
1242
330
123C
100
AcDbEntity
  8
Рамка_штамп
100
AcDbPolyline
 90
        4
 70
     0
 43
0.0
 10
20.0
 20
150.0
 10
8.0
 20
150.0
 10
8.0
 20
5.0
 10
20.0
 20
5.0
  0
LWPOLYLINE
  5
1243
330
123C
100
AcDbEntity
  8
Рамка_штамп
100
AcDbPolyline
 90
        2
 70
     0
 43
0.0
 10
13.0
 20
5.0
 10
13.0
 20
150.0
  0
LWPOLYLINE
  5
1244
330
123C
100
AcDbEntity
  8
Рамка_штамп
100
AcDbPolyline
 90
        2
 70
     0
 43
0.0
 10
8.0
 20
115.0
 10
20.0
 20
115.0
  0
LWPOLYLINE
  5
1245
330
123C
100
AcDbEntity
  8
Рамка_штамп
100
AcDbPolyline
 90
        2
 70
     0
 43
0.0
 10
8.0
 20
90.0
 10
20.0
 20
90.0
  0
LWPOLYLINE
  5
1246
330
123C
100
AcDbEntity
  8
Рамка_штамп
100
AcDbPolyline
 90
        2
 70
     0
 43
0.0
 10
8.0
 20
65.0
 10
20.0
 20
65.0
  0
LWPOLYLINE
  5
1247
330
123C
100
AcDbEntity
  8
Рамка_штамп
100
AcDbPolyline
 90
        2
 70
     0
 43
0.0
 10
8.0
 20
30.0
 10
20.0
 20
30.0
  0
LWPOLYLINE
  5
1248
330
123C
100
AcDbEntity
  8
Рамка_штамп
100
AcDbPolyline
 90
        2
 70
     0
 43
0.0
 10
8.0
 20
232.0
 10
20.0
 20
232.0
  0
LWPOLYLINE
  5
1249
330
123C
100
AcDbEntity
  8
Рамка_штамп
100
AcDbPolyline
 90
        2
 70
     0
 43
0.0
 10
8.0
 20
232.0
 10
20.0
 20
232.0
  0
MTEXT
  5
124A
102
{ACAD_XDICTIONARY
360
124B
102
}
330
123C
100
AcDbEntity
  8
Таблица текст
100
AcDbMText
 10
10.5
 20
202.0
 30
0.0
 40
2.5
 41
60.00000000000014
 46
5.000000000001435
 71
     5
 72
     5
  1
Справ. №
  7
Текст 1.5
 11
0.0000000000000001
 21
1.0
 31
0.0
 73
     1
 44
1.0
1001
ACAD
1000
ACAD_MTEXT_DEFINED_HEIGHT_BEGIN
1070
    46
1040
5.000000000001435
1000
ACAD_MTEXT_DEFINED_HEIGHT_END
  0
MTEXT
  5
124C
102
{ACAD_XDICTIONARY
360
124D
102
}
330
123C
100
AcDbEntity
  8
Таблица текст
100
AcDbMText
 10
10.5
 20
262.0
 30
0.0
 40
2.5
 41
60.00000000000014
 46
5.000000000001428
 71
     5
 72
     5
  1
Перв. примен.
  7
Текст 1.5
 11
0.0000000000000001
 21
1.0
 31
0.0
 73
     1
 44
1.0
1001
ACAD
1000
ACAD_MTEXT_DEFINED_HEIGHT_BEGIN
1070
    46
1040
5.000000000001428
1000
ACAD_MTEXT_DEFINED_HEIGHT_END
  0
MTEXT
  5
124E
102
{ACAD_XDICTIONARY
360
124F
102
}
330
123C
100
AcDbEntity
  8
Таблица текст
100
AcDbMText
 10
10.5
 20
17.5
 30
0.0
 40
2.5
 41
25.00000000000015
 46
5.000000000001428
 71
     5
 72
     5
  1
Инв. № подл.
  7
Текст 1.5
 11
0.0000000000000001
 21
1.0
 31
0.0
 73
     1
 44
1.0
1001
ACAD
1000
ACAD_MTEXT_DEFINED_HEIGHT_BEGIN
1070
    46
1040
5.000000000001428
1000
ACAD_MTEXT_DEFINED_HEIGHT_END
  0
MTEXT
  5
1250
102
{ACAD_XDICTIONARY
360
1251
102
}
330
123C
100
AcDbEntity
  8
Таблица текст
100
AcDbMText
 10
10.5
 20
47.5
 30
0.0
 40
2.5
 41
35.00000000000014
 46
5.000000000001421
 71
     5
 72
     5
  1
Подп. и дата
  7
Текст 1.5
 11
0.0000000000000001
 21
1.0
 31
0.0
 73
     1
 44
1.0
1001
ACAD
1000
ACAD_MTEXT_DEFINED_HEIGHT_BEGIN
1070
    46
1040
5.000000000001421
1000
ACAD_MTEXT_DEFINED_HEIGHT_END
  0
MTEXT
  5
1252
102
{ACAD_XDICTIONARY
360
1253
102
}
330
123C
100
AcDbEntity
  8
Таблица текст
100
AcDbMText
 10
10.5
 20
77.5
 30
0.0
 40
2.5
 41
25.00000000000014
 46
5.000000000008704
 71
     5
 72
     5
  1
Взам. инв. №
  7
Текст 1.5
 11
0.0000000000000001
 21
1.0
 31
0.0
 73
     1
 44
1.0
1001
ACAD
1000
ACAD_MTEXT_DEFINED_HEIGHT_BEGIN
1070
    46
1040
5.000000000008704
1000
ACAD_MTEXT_DEFINED_HEIGHT_END
  0
MTEXT
  5
1254
102
{ACAD_XDICTIONARY
360
1255
102
}
330
123C
100
AcDbEntity
  8
Таблица текст
100
AcDbMText
 10
10.5
 20
102.5
 30
0.0
 40
2.5
 41
25.00000000000015
 46
5.000000000001421
 71
     5
 72
     5
  1
Инв. № дубл.
  7
Текст 1.5
 11
0.0000000000000001
 21
1.0
 31
0.0
 73
     1
 44
1.0
1001
ACAD
1000
ACAD_MTEXT_DEFINED_HEIGHT_BEGIN
1070
    46
1040
5.000000000001421
1000
ACAD_MTEXT_DEFINED_HEIGHT_END
  0
MTEXT
  5
1256
102
{ACAD_XDICTIONARY
360
1257
102
}
330
123C
100
AcDbEntity
  8
Таблица текст
100
AcDbMText
 10
10.5
 20
132.5
 30
0.0
 40
2.5
 41
35.00000000000015
 46
5.000000000001421
 71
     5
 72
     5
  1
Подп. и дата
  7
Текст 1.5
 11
0.0000000000000001
 21
1.0
 31
0.0
 73
     1
 44
1.0
1001
ACAD
1000
ACAD_MTEXT_DEFINED_HEIGHT_BEGIN
1070
    46
1040
5.000000000001421
1000
ACAD_MTEXT_DEFINED_HEIGHT_END
  0
MTEXT
  5
1258
102
{ACAD_XDICTIONARY
360
1259
102
}
330
123C
100
AcDbEntity
  8
Таблица текст
100
AcDbMText
 10
384.1822324245368
 20
2.5
 30
0.0
 40
2.5
 41
61.63553515092658
 46
5.000000000000518
 71
     5
 72
     5
  1
Формат А3
  7
Текст 1.5
 73
     1
 44
1.0
1001
ACAD
1000
ACAD_MTEXT_DEFINED_HEIGHT_BEGIN
1070
    46
1040
5.000000000000518
1000
ACAD_MTEXT_DEFINED_HEIGHT_END
  0
LWPOLYLINE
  5
125A
330
123C
100
AcDbEntity
  8
Рамка_штамп
100
AcDbPolyline
 90
        3
 70
     0
 43
0.0
 10
230.0
 20
5.0
 10
230.0
 20
20.0
 10
415.0
 20
20.0
  0
LWPOLYLINE
  5
125B
330
123C
100
AcDbEntity
  8
Рамка_штамп
100
AcDbPolyline
 90
        3
 70
     0
 43
0.0
 10
405.0
 20
20.0
 10
405.0
 20
12.5
 10
415.0
 20
12.5
  0
LWPOLYLINE
  5
125C
330
123C
100
AcDbEntity
  8
Рамка_штамп
100
AcDbPolyline
 90
        2
 70
     0
 43
0.0
 10
405.0
 20
12.5
 10
405.0
 20
5.0
  0
LWPOLYLINE
  5
125D
330
123C
100
AcDbEntity
  8
Рамка_штамп
100
AcDbPolyline
 90
        3
 70
     0
 43
0.0
 10
230.0
 20
15.0
 10
295.0
 20
15.0
 10
295.0
 20
20.0
  0
LWPOLYLINE
  5
125E
330
123C
100
AcDbEntity
  8
Рамка_штамп
100
AcDbPolyline
 90
        3
 70
     0
 43
0.0
 10
230.0
 20
10.0
 10
295.0
 20
10.0
 10
295.0
 20
15.0
  0
LWPOLYLINE
  5
125F
330
123C
100
AcDbEntity
  8
Рамка_штамп
100
AcDbPolyline
 90
        2
 70
     0
 43
0.0
 10
237.0
 20
20.0
 10
237.0
 20
5.0
  0
LWPOLYLINE
  5
1260
330
123C
100
AcDbEntity
  8
Рамка_штамп
100
AcDbPolyline
 90
        2
 70
     0
 43
0.0
 10
247.0
 20
20.0
 10
247.0
 20
5.0
  0
LWPOLYLINE
  5
1261
330
123C
100
AcDbEntity
  8
Рамка_штамп
100
AcDbPolyline
 90
        2
 70
     0
 43
0.0
 10
270.0
 20
20.0
 10
270.0
 20
5.0
  0
LWPOLYLINE
  5
1262
330
123C
100
AcDbEntity
  8
Рамка_штамп
100
AcDbPolyline
 90
        2
 70
     0
 43
0.0
 10
285.0
 20
20.0
 10
285.0
 20
5.0
  0
LWPOLYLINE
  5
1263
330
123C
100
AcDbEntity
  8
Рамка_штамп
100
AcDbPolyline
 90
        2
 70
     0
 43
0.0
 10
295.0
 20
10.0
 10
295.0
 20
5.0
  0
MTEXT
  5
1264
102
{ACAD_XDICTIONARY
360
1265
102
}
330
123C
100
AcDbEntity
  8
Таблица текст
100
AcDbMText
 10
410.0
 20
16.25
 30
0.0
 40
2.5
 41
10.00000000000014
 46
7.500000000000063
 71
     5
 72
     5
  1
Лист
  7
Текст 1.5
 73
     1
 44
1.0
1001
ACAD
1000
ACAD_MTEXT_DEFINED_HEIGHT_BEGIN
1070
    46
1040
7.500000000000063
1000
ACAD_MTEXT_DEFINED_HEIGHT_END
  0
MTEXT
  5
1266
102
{ACAD_XDICTIONARY
360
1267
102
}
330
123C
100
AcDbEntity
  8
Таблица текст
100
AcDbMText
 10
232.4107694184641
 20
7.5
 30
0.0
 40
2.5
 41
4.821538836935502
 46
5.000000000000063
 71
     5
 72
     5
  1
\pi-7.5,l10,t10;Изм.
  7
Текст 1.5
 73
     1
 44
1.0
1001
ACAD
1000
ACAD_MTEXT_DEFINED_HEIGHT_BEGIN
1070
    46
1040
5.000000000000063
1000
ACAD_MTEXT_DEFINED_HEIGHT_END
  0
MTEXT
  5
1268
102
{ACAD_XDICTIONARY
360
1269
102
}
330
123C
100
AcDbEntity
  8
Таблица текст
100
AcDbMText
 10
240.87334359542
 20
7.5
 30
0.0
 40
2.5
 41
7.746687190840162
 46
5.000000000000063
 71
     5
 72
     5
  1
\pi-7.5,l10,t10;Лист
  7
Текст 1.5
 73
     1
 44
1.0
1001
ACAD
1000
ACAD_MTEXT_DEFINED_HEIGHT_BEGIN
1070
    46
1040
5.000000000000063
1000
ACAD_MTEXT_DEFINED_HEIGHT_END
  0
MTEXT
  5
126A
102
{ACAD_XDICTIONARY
360
126B
102
}
330
123C
100
AcDbEntity
  8
Таблица текст
100
AcDbMText
 10
257.5573138918335
 20
7.214490625105099
 30
0.0
 40
2.5
 41
21.11462778366709
 46
5.000000000000063
 71
     5
 72
     5
  1
\pi-7.5,l10,t10;№ докум.
  7
Текст 1.5
 73
     1
 44
1.0
1001
ACAD
1000
ACAD_MTEXT_DEFINED_HEIGHT_BEGIN
1070
    46
1040
5.000000000000063
1000
ACAD_MTEXT_DEFINED_HEIGHT_END
  0
MTEXT
  5
126C
102
{ACAD_XDICTIONARY
360
126D
102
}
330
123C
100
AcDbEntity
  8
Таблица текст
100
AcDbMText
 10
277.5
 20
7.5
 30
0.0
 40
2.5
 41
15.00000000000014
 46
5.000000000000063
 71
     5
 72
     5
  1
Подп.
  7
Текст 1.5
 73
     1
 44
1.0
1001
ACAD
1000
ACAD_MTEXT_DEFINED_HEIGHT_BEGIN
1070
    46
1040
5.000000000000063
1000
ACAD_MTEXT_DEFINED_HEIGHT_END
  0
MTEXT
  5
126E
102
{ACAD_XDICTIONARY
360
126F
102
}
330
123C
100
AcDbEntity
  8
Таблица текст
100
AcDbMText
 10
290.0
 20
7.5
 30
0.0
 40
2.5
 41
10.00000000000014
 46
5.000000000000063
 71
     5
 72
     5
  1
Дата
  7
Текст 1.5
 73
     1
 44
1.0
1001
ACAD
1000
ACAD_MTEXT_DEFINED_HEIGHT_BEGIN
1070
    46
1040
5.000000000000063
1000
ACAD_MTEXT_DEFINED_HEIGHT_END
  0
ENDBLK
  5
1270
330
123C
100
AcDbEntity
  8
0
 62
     1
100
AcDbBlockEnd
  0
ENDSEC
  0
SECTION
  2
ENTITIES
  0
LINE
  5
129E
330
1F
100
AcDbEntity
  8
Кабель
100
AcDbLine
 10
4485.098941084066
 20
5958.099602944385
 30
0.0
 11
4485.098941084066
 21
5953.936319319073
 31
0.0
  0
LINE
  5
129F
330
1F
100
AcDbEntity
  8
Кабель
100
AcDbLine
 10
4490.098940822881
 20
5958.099602944385
 30
0.0
 11
4490.098940822881
 21
5953.936319319073
 31
0.0
  0
LWPOLYLINE
  5
12A0
330
1F
100
AcDbEntity
  8
Слой1
 62
     7
370
    30
100
AcDbPolyline
 90
        4
 70
     1
 43
0.0
 10
4482.598941214658
 20
5949.033431855916
 10
4487.598940953473
 20
5949.033431855916
 10
4487.598940953473
 20
5953.936319319073
 10
4482.598941214658
 20
5953.936319319073
  0
MTEXT
  5
12A1
330
1F
100
AcDbEntity
  8
XT7
370
    -3
100
AcDbMText
 10
4483.225276393477
 20
5952.488366144915
 30
0.0
 40
1.8
 41
3.629860294456364
 46
0.0
 71
     1
 72
     5
  1
\pxqc;#1
  7
GOST_A
 73
     1
 44
1.0
101
Embedded Object
 70
     1
 10
1.0
 20
0.0
 30
0.0
 11
4483.225276393477
 21
5952.488366144915
 31
0.0
 40
3.629860294456364
 41
0.0
 42
2.007147962830593
 43
1.802573266619013
 71
     2
 72
     1
 44
3.629860294456364
 45
15.0
 73
     0
 74
     0
 46
1.76171668847644
  0
LWPOLYLINE
  5
12A2
330
1F
100
AcDbEntity
  8
Слой1
 62
     7
370
    30
100
AcDbPolyline
 90
        4
 70
     1
 43
0.0
 10
4487.598940953473
 20
5949.033431855916
 10
4492.598940692288
 20
5949.033431855916
 10
4492.598940692288
 20
5953.936319319073
 10
4487.598940953473
 20
5953.936319319073
  0
MTEXT
  5
12A3
330
1F
100
AcDbEntity
  8
Слой1
370
    -3
100
AcDbMText
 10
4480.733423523061
 20
5948.62891577643
 30
0.0
 40
1.3
 41
3.629860294456364
 46
0.0
 71
     1
 72
     5
  1
\pxqc;ХТ7
  7
GOST_A
 11
0.0000000000000001
 21
1.0
 31
0.0
 73
     1
 44
1.0
101
Embedded Object
 70
     1
 10
0.0000000000000001
 20
1.0
 30
0.0
 11
4480.733423523061
 21
5948.62891577643
 31
0.0
 40
3.629860294456364
 41
0.0
 42
2.417869907076483
 43
1.302787705503931
 71
     2
 72
     1
 44
3.629860294456364
 45
15.0
 73
     0
 74
     0
 46
1.76171668847644
  0
MTEXT
  5
12A4
330
1F
100
AcDbEntity
  8
XT7
370
    -3
100
AcDbMText
 10
4488.225276132292
 20
5952.488366144915
 30
0.0
 40
1.8
 41
3.629860294456364
 46
0.0
 71
     1
 72
     5
  1
\pxqc;#2
  7
GOST_A
 73
     1
 44
1.0
101
Embedded Object
 70
     1
 10
1.0
 20
0.0
 30
0.0
 11
4488.225276132292
 21
5952.488366144915
 31
0.0
 40
3.629860294456364
 41
0.0
 42
2.403431022158684
 43
1.802573266619013
 71
     2
 72
     1
 44
3.629860294456364
 45
15.0
 73
     0
 74
     0
 46
1.76171668847644
  0
LINE
  5
12A8
330
1F
100
AcDbEntity
  8
Кабель
100
AcDbLine
 10
4500.09894030051
 20
5958.099602944385
 30
0.0
 11
4500.09894030051
 21
5953.936319319073
 31
0.0
  0
LWPOLYLINE
  5
12A9
330
1F
100
AcDbEntity
  8
Слой1
 62
     7
370
    30
100
AcDbPolyline
 90
        4
 70
     1
 43
0.0
 10
4497.598940431102
 20
5949.033431855916
 10
4502.598940169917
 20
5949.033431855916
 10
4502.598940169917
 20
5953.936319319073
 10
4497.598940431102
 20
5953.936319319073
  0
MTEXT
  5
12AE
330
1F
100
AcDbEntity
  8
Headers
370
    -3
100
AcDbMText
 10
4481.76426752146
 20
5946.107618789905
 30
0.0
 40
1.8
 41
22.11671788146231
 46
0.0
 71
     1
 72
     5
  1
\pxqc;#1
  7
GOST_A
 73
     1
 44
1.0
101
Embedded Object
 70
     1
 10
1.0
 20
0.0
 30
0.0
 11
4481.76426752146
 21
5946.107618789905
 31
0.0
 40
22.11671788146231
 41
0.0
 42
2.007147962830593
 43
1.802573266619013
 71
     2
 72
     1
 44
22.11671788146231
 45
15.0
 73
     0
 74
     0
 46
7.09591565987182
  0
MTEXT
  5
12AF
330
1F
100
AcDbEntity
  8
Слой1
370
    -3
100
AcDbMText
 10
4498.225275609921
 20
5952.488366144915
 30
0.0
 40
1.8
 41
3.629860294456364
 46
0.0
 71
     1
 72
     5
  1
\pxqc;РЕ
  7
GOST_A
 73
     1
 44
1.0
101
Embedded Object
 70
     1
 10
1.0
 20
0.0
 30
0.0
 11
4498.225275609921
 21
5952.488366144915
 31
0.0
 40
3.629860294456364
 41
0.0
 42
1.931236597569693
 43
1.801286633309506
 71
     2
 72
     1
 44
3.629860294456364
 45
15.0
 73
     0
 74
     0
 46
1.76171668847644
  0
LINE
  5
12BA
330
1F
100
AcDbEntity
  8
Кабель
100
AcDbLine
 10
4485.098941084066
 20
6127.011095563706
 30
0.0
 11
4485.098941084066
 21
6063.929460662503
 31
0.0
  0
LINE
  5
12BE
330
1F
100
AcDbEntity
  8
Кабель
100
AcDbLine
 10
4485.098941084066
 20
6060.333347115407
 30
0.0
 11
4485.098941084066
 21
6056.170063490096
 31
0.0
  0
LINE
  5
12BF
330
1F
100
AcDbEntity
  8
Кабель
100
AcDbLine
 10
4490.098940822881
 20
6060.333347115407
 30
0.0
 11
4490.098940822881
 21
6056.170063490096
 31
0.0
  0
LINE
  5
12C0
330
1F
100
AcDbEntity
  8
Кабель
100
AcDbLine
 10
4495.098940561695
 20
6060.333347115407
 30
0.0
 11
4495.098940561695
 21
6056.170063490096
 31
0.0
  0
LINE
  5
12C3
330
1F
100
AcDbEntity
  8
Слой1
370
    -3
100
AcDbLine
 10
4492.849013991462
 20
6063.929460662503
 30
0.0
 11
4495.098940561695
 21
6060.333347115407
 31
0.0
  0
LINE
  5
12C4
330
1F
100
AcDbEntity
  8
Слой1
370
    -3
100
AcDbLine
 10
4487.849014252648
 20
6063.929460662503
 30
0.0
 11
4490.098940822881
 21
6060.333347115407
 31
0.0
  0
LINE
  5
12C5
330
1F
100
AcDbEntity
  8
Слой1
370
    -3
100
AcDbLine
 10
4482.849014513833
 20
6063.929460662503
 30
0.0
 11
4485.098941084066
 21
6060.333347115407
 31
0.0
  0
LINE
  5
12C6
330
1F
100
AcDbEntity
  8
Слой1
370
    -3
100
AcDbLine
 10
4482.979244463023
 20
6062.388472488084
 30
0.0
 11
4494.614596722906
 21
6062.388472488084
 31
0.0
  0
LINE
  5
12C7
330
1F
100
AcDbEntity
  8
Слой1
370
    -3
100
AcDbLine
 10
4483.389905991421
 20
6061.813908694926
 30
0.0
 11
4495.025258251303
 21
6061.813908694926
 31
0.0
  0
LINE
  5
12C8
330
1F
100
AcDbEntity
  8
Кабель
100
AcDbLine
 10
4485.098941084062
 20
6054.525610892734
 30
0.0
 11
4485.098941084062
 21
6052.119160390662
 31
0.0
  0
LINE
  5
12C9
330
1F
100
AcDbEntity
  8
Кабель
100
AcDbLine
 10
4490.098940822881
 20
6054.525610892734
 30
0.0
 11
4490.098940822881
 21
6052.119160390662
 31
0.0
  0
LINE
  5
12CA
330
1F
100
AcDbEntity
  8
Кабель
100
AcDbLine
 10
4495.098940561695
 20
6054.525610892734
 30
0.0
 11
4495.098940561695
 21
6048.52298078278
 31
0.0
  0
LINE
  5
12CB
330
1F
100
AcDbEntity
  8
Кабель
100
AcDbLine
 10
4485.098941084066
 20
6042.216205346292
 30
0.0
 11
4485.098941084066
 21
6013.844041758213
 31
0.0
  0
LINE
  5
12CC
330
1F
100
AcDbEntity
  8
Кабель
100
AcDbLine
 10
4490.098940822881
 20
6042.216205346292
 30
0.0
 11
4490.098940822881
 21
6013.844041758213
 31
0.0
  0
LINE
  5
12CE
330
1F
100
AcDbEntity
  8
Слой1
370
    -3
100
AcDbLine
 10
4492.849013991462
 20
6045.812318893388
 30
0.0
 11
4495.098940561695
 21
6042.216205346292
 31
0.0
  0
LINE
  5
12CF
330
1F
100
AcDbEntity
  8
Слой1
370
    -3
100
AcDbLine
 10
4487.849014252648
 20
6045.812318893388
 30
0.0
 11
4490.098940822881
 21
6042.216205346292
 31
0.0
  0
LINE
  5
12D0
330
1F
100
AcDbEntity
  8
Слой1
370
    -3
100
AcDbLine
 10
4482.849014513833
 20
6045.812318893388
 30
0.0
 11
4485.098941084066
 21
6042.216205346292
 31
0.0
  0
LINE
  5
12D1
330
1F
100
AcDbEntity
  8
Слой1
370
    -3
100
AcDbLine
 10
4482.979244463023
 20
6044.27133071897
 30
0.0
 11
4494.614596722906
 21
6044.27133071897
 31
0.0
  0
LINE
  5
12D2
330
1F
100
AcDbEntity
  8
Слой1
370
    -3
100
AcDbLine
 10
4483.389905991421
 20
6043.696766925811
 30
0.0
 11
4495.025258251303
 21
6043.696766925811
 31
0.0
  0
LINE
  5
12D3
330
1F
100
AcDbEntity
  8
Слой1
370
    -3
100
AcDbLine
 10
4482.979244463023
 20
6062.388472488084
 30
0.0
 11
4481.906754172148
 21
6060.93215734403
 31
0.0
  0
LINE
  5
12D4
330
1F
100
AcDbEntity
  8
Слой1
370
    -3
100
AcDbLine
 10
4481.906754172148
 20
6060.93215734403
 30
0.0
 11
4482.683235493245
 21
6060.429140772239
 31
0.0
  0
LINE
  5
12D5
330
1F
100
AcDbEntity
  8
Слой1
370
    -3
100
AcDbLine
 10
4482.683235493245
 20
6060.429140772239
 30
0.0
 11
4483.389905991421
 21
6061.813908694926
 31
0.0
  0
HATCH
  5
12F5
330
1F
100
AcDbEntity
  8
Слой1
370
    -3
100
AcDbHatch
 10
0.0
 20
0.0
 30
0.0
210
0.0
220
0.0
230
1.0
  2
AR-SAND
 70
     0
 71
     0
 91
        1
 92
        7
 72
     1
 73
     1
 93
        2
 10
4489.714835287226
 20
6122.011095824891
 42
1.0
 10
4490.483046358536
 20
6122.011095824891
 42
1.0
 97
        0
 75
     1
 76
     1
 52
0.0
 41
1.0
 77
     0
 78
     4
 53
37.5
 43
4.999999738815859
 44
-6.084383919327592
 45
-1.600031295984045
 46
48.94132373293423
 79
     6
 49
0.0
 49
-38.60800000000001
 49
0.0
 49
-43.18
 49
0.0
 49
-41.275
 53
7.499999999999999
 43
4.999999738815859
 44
-6.084383919327592
 45
44.95232831380026
 46
71.68251005683543
 79
     6
 49
0.0
 49
-20.828
 49
0.0
 49
-34.798
 49
0.0
 49
-13.335
 53
327.5
 43
-26.24200026118414
 44
-6.084383919327592
 45
79.09923702414579
 46
0.1437184678545762
 79
     6
 49
0.0
 49
-12.7
 49
0.0
 49
-45.72
 49
0.0
 49
-59.69
 53
317.5
 43
-26.24200026118414
 44
-6.084383919327592
 45
76.35564524722972
 46
22.29293232572163
 79
     6
 49
0.0
 49
-6.349999999999999
 49
0.0
 49
-29.972
 49
0.0
 49
-34.29
 47
0.0175069435101327
 98
        1
 10
4489.880392140185
 20
6122.291206711325
1001
GradientColor1ACI
1070
     5
1001
GradientColor2ACI
1070
     2
1001
ACAD
1010
0.0
1020
0.0
1030
0.0
  0
HATCH
  5
12F7
330
1F
100
AcDbEntity
  8
Слой1
370
    -3
100
AcDbHatch
 10
0.0
 20
0.0
 30
0.0
210
0.0
220
0.0
230
1.0
  2
AR-SAND
 70
     0
 71
     0
 91
        1
 92
        7
 72
     1
 73
     1
 93
        2
 10
4494.71483502604
 20
6117.011096086077
 42
1.0
 10
4495.48304609735
 20
6117.011096086077
 42
1.0
 97
        0
 75
     1
 76
     1
 52
0.0
 41
1.0
 77
     0
 78
     4
 53
37.5
 43
9.999999477629899
 44
-11.08438365814254
 45
-1.600031295984045
 46
48.94132373293423
 79
     6
 49
0.0
 49
-38.60800000000001
 49
0.0
 49
-43.18
 49
0.0
 49
-41.275
 53
7.499999999999999
 43
9.999999477629899
 44
-11.08438365814254
 45
44.95232831380026
 46
71.68251005683543
 79
     6
 49
0.0
 49
-20.828
 49
0.0
 49
-34.798
 49
0.0
 49
-13.335
 53
327.5
 43
-21.2420005223701
 44
-11.08438365814254
 45
79.09923702414579
 46
0.1437184678545762
 79
     6
 49
0.0
 49
-12.7
 49
0.0
 49
-45.72
 49
0.0
 49
-59.69
 53
317.5
 43
-21.2420005223701
 44
-11.08438365814254
 45
76.35564524722972
 46
22.29293232572163
 79
     6
 49
0.0
 49
-6.349999999999999
 49
0.0
 49
-29.972
 49
0.0
 49
-34.29
 47
0.0175069435101327
 98
        1
 10
4494.880391878999
 20
6117.29120697251
1001
GradientColor1ACI
1070
     5
1001
GradientColor2ACI
1070
     2
1001
ACAD
1010
0.0
1020
0.0
1030
0.0
  0
HATCH
  5
12FB
330
1F
100
AcDbEntity
  8
Слой1
370
    -3
100
AcDbHatch
 10
0.0
 20
0.0
 30
0.0
210
0.0
220
0.0
230
1.0
  2
AR-SAND
 70
     0
 71
     0
 91
        1
 92
        7
 72
     1
 73
     1
 93
        2
 10
4489.714835287226
 20
6122.011095824891
 42
1.0
 10
4490.483046358536
 20
6122.011095824891
 42
1.0
 97
        0
 75
     1
 76
     1
 52
0.0
 41
1.0
 77
     0
 78
     4
 53
37.5
 43
4.999999738815859
 44
-6.084383919327592
 45
-1.600031295984045
 46
48.94132373293423
 79
     6
 49
0.0
 49
-38.60800000000001
 49
0.0
 49
-43.18
 49
0.0
 49
-41.275
 53
7.499999999999999
 43
4.999999738815859
 44
-6.084383919327592
 45
44.95232831380026
 46
71.68251005683543
 79
     6
 49
0.0
 49
-20.828
 49
0.0
 49
-34.798
 49
0.0
 49
-13.335
 53
327.5
 43
-26.24200026118414
 44
-6.084383919327592
 45
79.09923702414579
 46
0.1437184678545762
 79
     6
 49
0.0
 49
-12.7
 49
0.0
 49
-45.72
 49
0.0
 49
-59.69
 53
317.5
 43
-26.24200026118414
 44
-6.084383919327592
 45
76.35564524722972
 46
22.29293232572163
 79
     6
 49
0.0
 49
-6.349999999999999
 49
0.0
 49
-29.972
 49
0.0
 49
-34.29
 47
0.0175069435101327
 98
        1
 10
4489.880392140185
 20
6122.291206711325
1001
GradientColor1ACI
1070
     5
1001
GradientColor2ACI
1070
     2
1001
ACAD
1010
0.0
1020
0.0
1030
0.0
  0
HATCH
  5
12FD
330
1F
100
AcDbEntity
  8
Слой1
370
    -3
100
AcDbHatch
 10
0.0
 20
0.0
 30
0.0
210
0.0
220
0.0
230
1.0
  2
AR-SAND
 70
     0
 71
     0
 91
        1
 92
        7
 72
     1
 73
     1
 93
        2
 10
4494.71483502604
 20
6117.011096086077
 42
1.0
 10
4495.48304609735
 20
6117.011096086077
 42
1.0
 97
        0
 75
     1
 76
     1
 52
0.0
 41
1.0
 77
     0
 78
     4
 53
37.5
 43
9.999999477629899
 44
-11.08438365814254
 45
-1.600031295984045
 46
48.94132373293423
 79
     6
 49
0.0
 49
-38.60800000000001
 49
0.0
 49
-43.18
 49
0.0
 49
-41.275
 53
7.499999999999999
 43
9.999999477629899
 44
-11.08438365814254
 45
44.95232831380026
 46
71.68251005683543
 79
     6
 49
0.0
 49
-20.828
 49
0.0
 49
-34.798
 49
0.0
 49
-13.335
 53
327.5
 43
-21.2420005223701
 44
-11.08438365814254
 45
79.09923702414579
 46
0.1437184678545762
 79
     6
 49
0.0
 49
-12.7
 49
0.0
 49
-45.72
 49
0.0
 49
-59.69
 53
317.5
 43
-21.2420005223701
 44
-11.08438365814254
 45
76.35564524722972
 46
22.29293232572163
 79
     6
 49
0.0
 49
-6.349999999999999
 49
0.0
 49
-29.972
 49
0.0
 49
-34.29
 47
0.0175069435101327
 98
        1
 10
4494.880391878999
 20
6117.29120697251
1001
GradientColor1ACI
1070
     5
1001
GradientColor2ACI
1070
     2
1001
ACAD
1010
0.0
1020
0.0
1030
0.0
  0
HATCH
  5
12FF
330
1F
100
AcDbEntity
  8
Слой1
370
    -3
100
AcDbHatch
 10
0.0
 20
0.0
 30
0.0
210
0.0
220
0.0
230
1.0
  2
AR-SAND
 70
     0
 71
     0
 91
        1
 92
        7
 72
     1
 73
     1
 93
        2
 10
4485.890574167338
 20
6127.783787802069
 42
1.0
 10
4486.658785238649
 20
6127.783787802069
 42
1.0
 97
        0
 75
     1
 76
     1
 52
0.0
 41
1.0
 77
     0
 78
     4
 53
37.5
 43
1.175738618928335
 44
-0.3116919421499915
 45
-1.600031295984045
 46
48.94132373293423
 79
     6
 49
0.0
 49
-38.60800000000001
 49
0.0
 49
-43.18
 49
0.0
 49
-41.275
 53
7.499999999999999
 43
1.175738618928335
 44
-0.3116919421499915
 45
44.95232831380026
 46
71.68251005683543
 79
     6
 49
0.0
 49
-20.828
 49
0.0
 49
-34.798
 49
0.0
 49
-13.335
 53
327.5
 43
-30.06626138107166
 44
-0.3116919421499915
 45
79.09923702414579
 46
0.1437184678545762
 79
     6
 49
0.0
 49
-12.7
 49
0.0
 49
-45.72
 49
0.0
 49
-59.69
 53
317.5
 43
-30.06626138107166
 44
-0.3116919421499915
 45
76.35564524722972
 46
22.29293232572163
 79
     6
 49
0.0
 49
-6.349999999999999
 49
0.0
 49
-29.972
 49
0.0
 49
-34.29
 47
0.0175069435101327
 98
        1
 10
4486.056131020297
 20
6128.063898688504
1001
GradientColor1ACI
1070
     5
1001
GradientColor2ACI
1070
     2
1001
ACAD
1010
0.0
1020
0.0
1030
0.0
  0
HATCH
  5
1301
330
1F
100
AcDbEntity
  8
Слой1
370
    -3
100
AcDbHatch
 10
0.0
 20
0.0
 30
0.0
210
0.0
220
0.0
230
1.0
  2
AR-SAND
 70
     0
 71
     0
 91
        1
 92
        7
 72
     1
 73
     1
 93
        2
 10
4483.147543915651
 20
6127.947497735139
 42
1.0
 10
4483.915754986962
 20
6127.947497735139
 42
1.0
 97
        0
 75
     1
 76
     1
 52
0.0
 41
1.0
 77
     0
 78
     4
 53
37.5
 43
-1.567291632758497
 44
-0.1479820090798967
 45
-1.600031295984045
 46
48.94132373293423
 79
     6
 49
0.0
 49
-38.60800000000001
 49
0.0
 49
-43.18
 49
0.0
 49
-41.275
 53
7.499999999999999
 43
-1.567291632758497
 44
-0.1479820090798967
 45
44.95232831380026
 46
71.68251005683543
 79
     6
 49
0.0
 49
-20.828
 49
0.0
 49
-34.798
 49
0.0
 49
-13.335
 53
327.5
 43
-32.8092916327585
 44
-0.1479820090798967
 45
79.09923702414579
 46
0.1437184678545762
 79
     6
 49
0.0
 49
-12.7
 49
0.0
 49
-45.72
 49
0.0
 49
-59.69
 53
317.5
 43
-32.8092916327585
 44
-0.1479820090798967
 45
76.35564524722972
 46
22.29293232572163
 79
     6
 49
0.0
 49
-6.349999999999999
 49
0.0
 49
-29.972
 49
0.0
 49
-34.29
 47
0.0175069435101327
 98
        1
 10
4483.313100768611
 20
6128.227608621574
1001
GradientColor1ACI
1070
     5
1001
GradientColor2ACI
1070
     2
1001
ACAD
1010
0.0
1020
0.0
1030
0.0
  0
HATCH
  5
1303
330
1F
100
AcDbEntity
  8
Слой1
370
    -3
100
AcDbHatch
 10
0.0
 20
0.0
 30
0.0
210
0.0
220
0.0
230
1.0
  2
AR-SAND
 70
     0
 71
     0
 91
        1
 92
        7
 72
     1
 73
     1
 93
        2
 10
4484.347067762906
 20
6127.861622375823
 42
1.0
 10
4485.115278834217
 20
6127.861622375823
 42
1.0
 97
        0
 75
     1
 76
     1
 52
0.0
 41
1.0
 77
     0
 78
     4
 53
37.5
 43
-0.3677677855039292
 44
-0.2338573683955474
 45
-1.600031295984045
 46
48.94132373293423
 79
     6
 49
0.0
 49
-38.60800000000001
 49
0.0
 49
-43.18
 49
0.0
 49
-41.275
 53
7.499999999999999
 43
-0.3677677855039292
 44
-0.2338573683955474
 45
44.95232831380026
 46
71.68251005683543
 79
     6
 49
0.0
 49
-20.828
 49
0.0
 49
-34.798
 49
0.0
 49
-13.335
 53
327.5
 43
-31.60976778550393
 44
-0.2338573683955474
 45
79.09923702414579
 46
0.1437184678545762
 79
     6
 49
0.0
 49
-12.7
 49
0.0
 49
-45.72
 49
0.0
 49
-59.69
 53
317.5
 43
-31.60976778550393
 44
-0.2338573683955474
 45
76.35564524722972
 46
22.29293232572163
 79
     6
 49
0.0
 49
-6.349999999999999
 49
0.0
 49
-29.972
 49
0.0
 49
-34.29
 47
0.0175069435101327
 98
        1
 10
4484.512624615865
 20
6128.141733262258
1001
GradientColor1ACI
1070
     5
1001
GradientColor2ACI
1070
     2
1001
ACAD
1010
0.0
1020
0.0
1030
0.0
  0
HATCH
  5
1305
330
1F
100
AcDbEntity
  8
Слой1
370
    -3
100
AcDbHatch
 10
0.0
 20
0.0
 30
0.0
210
0.0
220
0.0
230
1.0
  2
AR-SAND
 70
     0
 71
     0
 91
        1
 92
        7
 72
     1
 73
     1
 93
        2
 10
4484.50991909934
 20
6127.932381079236
 42
1.0
 10
4485.278130170651
 20
6127.932381079236
 42
1.0
 97
        0
 75
     1
 76
     1
 52
0.0
 41
1.0
 77
     0
 78
     4
 53
37.5
 43
-0.2049164490699695
 44
-0.1630986649834085
 45
-1.600031295984045
 46
48.94132373293423
 79
     6
 49
0.0
 49
-38.60800000000001
 49
0.0
 49
-43.18
 49
0.0
 49
-41.275
 53
7.499999999999999
 43
-0.2049164490699695
 44
-0.1630986649834085
 45
44.95232831380026
 46
71.68251005683543
 79
     6
 49
0.0
 49
-20.828
 49
0.0
 49
-34.798
 49
0.0
 49
-13.335
 53
327.5
 43
-31.44691644906997
 44
-0.1630986649834085
 45
79.09923702414579
 46
0.1437184678545762
 79
     6
 49
0.0
 49
-12.7
 49
0.0
 49
-45.72
 49
0.0
 49
-59.69
 53
317.5
 43
-31.44691644906997
 44
-0.1630986649834085
 45
76.35564524722972
 46
22.29293232572163
 79
     6
 49
0.0
 49
-6.349999999999999
 49
0.0
 49
-29.972
 49
0.0
 49
-34.29
 47
0.0175069435101327
 98
        1
 10
4484.675475952299
 20
6128.21249196567
1001
GradientColor1ACI
1070
     5
1001
GradientColor2ACI
1070
     2
1001
ACAD
1010
0.0
1020
0.0
1030
0.0
  0
HATCH
  5
1307
330
1F
100
AcDbEntity
  8
Слой1
370
    -3
100
AcDbHatch
 10
0.0
 20
0.0
 30
0.0
210
0.0
220
0.0
230
1.0
  2
AR-SAND
 70
     0
 71
     0
 91
        1
 92
        7
 72
     1
 73
     1
 93
        2
 10
4484.516995073486
 20
6127.932381079236
 42
1.0
 10
4485.285206144797
 20
6127.932381079236
 42
1.0
 97
        0
 75
     1
 76
     1
 52
0.0
 41
1.0
 77
     0
 78
     4
 53
37.5
 43
-0.1978404749233959
 44
-0.1630986649834085
 45
-1.600031295984045
 46
48.94132373293423
 79
     6
 49
0.0
 49
-38.60800000000001
 49
0.0
 49
-43.18
 49
0.0
 49
-41.275
 53
7.499999999999999
 43
-0.1978404749233959
 44
-0.1630986649834085
 45
44.95232831380026
 46
71.68251005683543
 79
     6
 49
0.0
 49
-20.828
 49
0.0
 49
-34.798
 49
0.0
 49
-13.335
 53
327.5
 43
-31.43984047492339
 44
-0.1630986649834085
 45
79.09923702414579
 46
0.1437184678545762
 79
     6
 49
0.0
 49
-12.7
 49
0.0
 49
-45.72
 49
0.0
 49
-59.69
 53
317.5
 43
-31.43984047492339
 44
-0.1630986649834085
 45
76.35564524722972
 46
22.29293232572163
 79
     6
 49
0.0
 49
-6.349999999999999
 49
0.0
 49
-29.972
 49
0.0
 49
-34.29
 47
0.0175069435101327
 98
        1
 10
4484.682551926446
 20
6128.21249196567
1001
GradientColor1ACI
1070
     5
1001
GradientColor2ACI
1070
     2
1001
ACAD
1010
0.0
1020
0.0
1030
0.0
  0
HATCH
  5
1309
330
1F
100
AcDbEntity
  8
Слой1
370
    -3
100
AcDbHatch
 10
0.0
 20
0.0
 30
0.0
210
0.0
220
0.0
230
1.0
  2
AR-SAND
 70
     0
 71
     0
 91
        1
 92
        7
 72
     1
 73
     1
 93
        2
 10
4485.599999235217
 20
6128.034991447233
 42
1.0
 10
4486.368210306528
 20
6128.034991447233
 42
1.0
 97
        0
 75
     1
 76
     1
 52
0.0
 41
1.0
 77
     0
 78
     4
 53
37.5
 43
0.8851636868066634
 44
-0.0604882969864775
 45
-1.600031295984045
 46
48.94132373293423
 79
     6
 49
0.0
 49
-38.60800000000001
 49
0.0
 49
-43.18
 49
0.0
 49
-41.275
 53
7.499999999999999
 43
0.8851636868066634
 44
-0.0604882969864775
 45
44.95232831380026
 46
71.68251005683543
 79
     6
 49
0.0
 49
-20.828
 49
0.0
 49
-34.798
 49
0.0
 49
-13.335
 53
327.5
 43
-30.35683631319333
 44
-0.0604882969864775
 45
79.09923702414579
 46
0.1437184678545762
 79
     6
 49
0.0
 49
-12.7
 49
0.0
 49
-45.72
 49
0.0
 49
-59.69
 53
317.5
 43
-30.35683631319333
 44
-0.0604882969864775
 45
76.35564524722972
 46
22.29293232572163
 79
     6
 49
0.0
 49
-6.349999999999999
 49
0.0
 49
-29.972
 49
0.0
 49
-34.29
 47
0.0175069435101327
 98
        1
 10
4485.765556088176
 20
6128.315102333667
1001
GradientColor1ACI
1070
     5
1001
GradientColor2ACI
1070
     2
1001
ACAD
1010
0.0
1020
0.0
1030
0.0
  0
HATCH
  5
130B
330
1F
100
AcDbEntity
  8
Слой1
370
    -3
100
AcDbHatch
 10
0.0
 20
0.0
 30
0.0
210
0.0
220
0.0
230
1.0
  2
AR-SAND
 70
     0
 71
     0
 91
        1
 92
        7
 72
     1
 73
     1
 93
        2
 10
4485.40911345403
 20
6128.158808930155
 42
1.0
 10
4486.177324525341
 20
6128.158808930155
 42
1.0
 97
        0
 75
     1
 76
     1
 52
0.0
 41
1.0
 77
     0
 78
     4
 53
37.5
 43
0.6942779056198561
 44
0.0633291859357996
 45
-1.600031295984045
 46
48.94132373293423
 79
     6
 49
0.0
 49
-38.60800000000001
 49
0.0
 49
-43.18
 49
0.0
 49
-41.275
 53
7.499999999999999
 43
0.6942779056198561
 44
0.0633291859357996
 45
44.95232831380026
 46
71.68251005683543
 79
     6
 49
0.0
 49
-20.828
 49
0.0
 49
-34.798
 49
0.0
 49
-13.335
 53
327.5
 43
-30.54772209438014
 44
0.0633291859357996
 45
79.09923702414579
 46
0.1437184678545762
 79
     6
 49
0.0
 49
-12.7
 49
0.0
 49
-45.72
 49
0.0
 49
-59.69
 53
317.5
 43
-30.54772209438014
 44
0.0633291859357996
 45
76.35564524722972
 46
22.29293232572163
 79
     6
 49
0.0
 49
-6.349999999999999
 49
0.0
 49
-29.972
 49
0.0
 49
-34.29
 47
0.0175069435101327
 98
        1
 10
4485.574670306989
 20
6128.438919816589
1001
GradientColor1ACI
1070
     5
1001
GradientColor2ACI
1070
     2
1001
ACAD
1010
0.0
1020
0.0
1030
0.0
  0
HATCH
  5
130D
330
1F
100
AcDbEntity
  8
Слой1
370
    -3
100
AcDbHatch
 10
0.0
 20
0.0
 30
0.0
210
0.0
220
0.0
230
1.0
  2
AR-SAND
 70
     0
 71
     0
 91
        1
 92
        7
 72
     1
 73
     1
 93
        2
 10
4485.250081217987
 20
6128.193403706037
 42
1.0
 10
4486.018292289298
 20
6128.193403706037
 42
1.0
 97
        0
 75
     1
 76
     1
 52
0.0
 41
1.0
 77
     0
 78
     4
 53
37.5
 43
0.5352456695773072
 44
0.0979239618172869
 45
-1.600031295984045
 46
48.94132373293423
 79
     6
 49
0.0
 49
-38.60800000000001
 49
0.0
 49
-43.18
 49
0.0
 49
-41.275
 53
7.499999999999999
 43
0.5352456695773072
 44
0.0979239618172869
 45
44.95232831380026
 46
71.68251005683543
 79
     6
 49
0.0
 49
-20.828
 49
0.0
 49
-34.798
 49
0.0
 49
-13.335
 53
327.5
 43
-30.70675433042269
 44
0.0979239618172869
 45
79.09923702414579
 46
0.1437184678545762
 79
     6
 49
0.0
 49
-12.7
 49
0.0
 49
-45.72
 49
0.0
 49
-59.69
 53
317.5
 43
-30.70675433042269
 44
0.0979239618172869
 45
76.35564524722972
 46
22.29293232572163
 79
     6
 49
0.0
 49
-6.349999999999999
 49
0.0
 49
-29.972
 49
0.0
 49
-34.29
 47
0.0175069435101327
 98
        1
 10
4485.415638070946
 20
6128.473514592471
1001
GradientColor1ACI
1070
     5
1001
GradientColor2ACI
1070
     2
1001
ACAD
1010
0.0
1020
0.0
1030
0.0
  0
HATCH
  5
130F
330
1F
100
AcDbEntity
  8
Слой1
370
    -3
100
AcDbHatch
 10
0.0
 20
0.0
 30
0.0
210
0.0
220
0.0
230
1.0
  2
AR-SAND
 70
     0
 71
     0
 91
        1
 92
        7
 72
     1
 73
     1
 93
        2
 10
4485.250081217987
 20
6128.193403706037
 42
1.0
 10
4486.018292289298
 20
6128.193403706037
 42
1.0
 97
        0
 75
     1
 76
     1
 52
0.0
 41
1.0
 77
     0
 78
     4
 53
37.5
 43
0.5352456695773072
 44
0.0979239618172869
 45
-1.600031295984045
 46
48.94132373293423
 79
     6
 49
0.0
 49
-38.60800000000001
 49
0.0
 49
-43.18
 49
0.0
 49
-41.275
 53
7.499999999999999
 43
0.5352456695773072
 44
0.0979239618172869
 45
44.95232831380026
 46
71.68251005683543
 79
     6
 49
0.0
 49
-20.828
 49
0.0
 49
-34.798
 49
0.0
 49
-13.335
 53
327.5
 43
-30.70675433042269
 44
0.0979239618172869
 45
79.09923702414579
 46
0.1437184678545762
 79
     6
 49
0.0
 49
-12.7
 49
0.0
 49
-45.72
 49
0.0
 49
-59.69
 53
317.5
 43
-30.70675433042269
 44
0.0979239618172869
 45
76.35564524722972
 46
22.29293232572163
 79
     6
 49
0.0
 49
-6.349999999999999
 49
0.0
 49
-29.972
 49
0.0
 49
-34.29
 47
0.0175069435101327
 98
        1
 10
4485.415638070946
 20
6128.473514592471
1001
GradientColor1ACI
1070
     5
1001
GradientColor2ACI
1070
     2
1001
ACAD
1010
0.0
1020
0.0
1030
0.0
  0
HATCH
  5
1311
330
1F
100
AcDbEntity
  8
Слой1
370
    -3
100
AcDbHatch
 10
0.0
 20
0.0
 30
0.0
210
0.0
220
0.0
230
1.0
  2
AR-SAND
 70
     0
 71
     0
 91
        1
 92
        7
 72
     1
 73
     1
 93
        2
 10
4485.250081217987
 20
6128.193403706037
 42
1.0
 10
4486.018292289298
 20
6128.193403706037
 42
1.0
 97
        0
 75
     1
 76
     1
 52
0.0
 41
1.0
 77
     0
 78
     4
 53
37.5
 43
0.5352456695773072
 44
0.0979239618172869
 45
-1.600031295984045
 46
48.94132373293423
 79
     6
 49
0.0
 49
-38.60800000000001
 49
0.0
 49
-43.18
 49
0.0
 49
-41.275
 53
7.499999999999999
 43
0.5352456695773072
 44
0.0979239618172869
 45
44.95232831380026
 46
71.68251005683543
 79
     6
 49
0.0
 49
-20.828
 49
0.0
 49
-34.798
 49
0.0
 49
-13.335
 53
327.5
 43
-30.70675433042269
 44
0.0979239618172869
 45
79.09923702414579
 46
0.1437184678545762
 79
     6
 49
0.0
 49
-12.7
 49
0.0
 49
-45.72
 49
0.0
 49
-59.69
 53
317.5
 43
-30.70675433042269
 44
0.0979239618172869
 45
76.35564524722972
 46
22.29293232572163
 79
     6
 49
0.0
 49
-6.349999999999999
 49
0.0
 49
-29.972
 49
0.0
 49
-34.29
 47
0.0175069435101327
 98
        1
 10
4485.415638070946
 20
6128.473514592471
1001
GradientColor1ACI
1070
     5
1001
GradientColor2ACI
1070
     2
1001
ACAD
1010
0.0
1020
0.0
1030
0.0
  0
HATCH
  5
1313
330
1F
100
AcDbEntity
  8
Слой1
370
    -3
100
AcDbHatch
 10
0.0
 20
0.0
 30
0.0
210
0.0
220
0.0
230
1.0
  2
AR-SAND
 70
     0
 71
     0
 91
        1
 92
        7
 72
     1
 73
     1
 93
        2
 10
4485.250081217987
 20
6128.193403706037
 42
1.0
 10
4486.018292289298
 20
6128.193403706037
 42
1.0
 97
        0
 75
     1
 76
     1
 52
0.0
 41
1.0
 77
     0
 78
     4
 53
37.5
 43
0.5352456695773072
 44
0.0979239618172869
 45
-1.600031295984045
 46
48.94132373293423
 79
     6
 49
0.0
 49
-38.60800000000001
 49
0.0
 49
-43.18
 49
0.0
 49
-41.275
 53
7.499999999999999
 43
0.5352456695773072
 44
0.0979239618172869
 45
44.95232831380026
 46
71.68251005683543
 79
     6
 49
0.0
 49
-20.828
 49
0.0
 49
-34.798
 49
0.0
 49
-13.335
 53
327.5
 43
-30.70675433042269
 44
0.0979239618172869
 45
79.09923702414579
 46
0.1437184678545762
 79
     6
 49
0.0
 49
-12.7
 49
0.0
 49
-45.72
 49
0.0
 49
-59.69
 53
317.5
 43
-30.70675433042269
 44
0.0979239618172869
 45
76.35564524722972
 46
22.29293232572163
 79
     6
 49
0.0
 49
-6.349999999999999
 49
0.0
 49
-29.972
 49
0.0
 49
-34.29
 47
0.0175069435101327
 98
        1
 10
4485.415638070946
 20
6128.473514592471
1001
GradientColor1ACI
1070
     5
1001
GradientColor2ACI
1070
     2
1001
ACAD
1010
0.0
1020
0.0
1030
0.0
  0
HATCH
  5
1315
330
1F
100
AcDbEntity
  8
Слой1
370
    -3
100
AcDbHatch
 10
0.0
 20
0.0
 30
0.0
210
0.0
220
0.0
230
1.0
  2
AR-SAND
 70
     0
 71
     0
 91
        1
 92
        7
 72
     1
 73
     1
 93
        2
 10
4485.250081217987
 20
6128.193403706037
 42
1.0
 10
4486.018292289298
 20
6128.193403706037
 42
1.0
 97
        0
 75
     1
 76
     1
 52
0.0
 41
1.0
 77
     0
 78
     4
 53
37.5
 43
0.5352456695773072
 44
0.0979239618172869
 45
-1.600031295984045
 46
48.94132373293423
 79
     6
 49
0.0
 49
-38.60800000000001
 49
0.0
 49
-43.18
 49
0.0
 49
-41.275
 53
7.499999999999999
 43
0.5352456695773072
 44
0.0979239618172869
 45
44.95232831380026
 46
71.68251005683543
 79
     6
 49
0.0
 49
-20.828
 49
0.0
 49
-34.798
 49
0.0
 49
-13.335
 53
327.5
 43
-30.70675433042269
 44
0.0979239618172869
 45
79.09923702414579
 46
0.1437184678545762
 79
     6
 49
0.0
 49
-12.7
 49
0.0
 49
-45.72
 49
0.0
 49
-59.69
 53
317.5
 43
-30.70675433042269
 44
0.0979239618172869
 45
76.35564524722972
 46
22.29293232572163
 79
     6
 49
0.0
 49
-6.349999999999999
 49
0.0
 49
-29.972
 49
0.0
 49
-34.29
 47
0.0175069435101327
 98
        1
 10
4485.415638070946
 20
6128.473514592471
1001
GradientColor1ACI
1070
     5
1001
GradientColor2ACI
1070
     2
1001
ACAD
1010
0.0
1020
0.0
1030
0.0
  0
HATCH
  5
1317
330
1F
100
AcDbEntity
  8
Слой1
370
    -3
100
AcDbHatch
 10
0.0
 20
0.0
 30
0.0
210
0.0
220
0.0
230
1.0
  2
AR-SAND
 70
     0
 71
     0
 91
        1
 92
        7
 72
     1
 73
     1
 93
        2
 10
4485.037294539778
 20
6128.255181942589
 42
1.0
 10
4485.805505611089
 20
6128.255181942589
 42
1.0
 97
        0
 75
     1
 76
     1
 52
0.0
 41
1.0
 77
     0
 78
     4
 53
37.5
 43
0.3224589913679665
 44
0.1597021983698141
 45
-1.600031295984045
 46
48.94132373293423
 79
     6
 49
0.0
 49
-38.60800000000001
 49
0.0
 49
-43.18
 49
0.0
 49
-41.275
 53
7.499999999999999
 43
0.3224589913679665
 44
0.1597021983698141
 45
44.95232831380026
 46
71.68251005683543
 79
     6
 49
0.0
 49
-20.828
 49
0.0
 49
-34.798
 49
0.0
 49
-13.335
 53
327.5
 43
-30.91954100863203
 44
0.1597021983698141
 45
79.09923702414579
 46
0.1437184678545762
 79
     6
 49
0.0
 49
-12.7
 49
0.0
 49
-45.72
 49
0.0
 49
-59.69
 53
317.5
 43
-30.91954100863203
 44
0.1597021983698141
 45
76.35564524722972
 46
22.29293232572163
 79
     6
 49
0.0
 49
-6.349999999999999
 49
0.0
 49
-29.972
 49
0.0
 49
-34.29
 47
0.0175069435101327
 98
        1
 10
4485.202851392737
 20
6128.535292829023
1001
GradientColor1ACI
1070
     5
1001
GradientColor2ACI
1070
     2
1001
ACAD
1010
0.0
1020
0.0
1030
0.0
  0
HATCH
  5
1319
330
1F
100
AcDbEntity
  8
Слой1
370
    -3
100
AcDbHatch
 10
0.0
 20
0.0
 30
0.0
210
0.0
220
0.0
230
1.0
  2
AR-SAND
 70
     0
 71
     0
 91
        1
 92
        7
 72
     1
 73
     1
 93
        2
 10
4485.037294539778
 20
6128.255181942589
 42
1.0
 10
4485.805505611089
 20
6128.255181942589
 42
1.0
 97
        0
 75
     1
 76
     1
 52
0.0
 41
1.0
 77
     0
 78
     4
 53
37.5
 43
0.3224589913679665
 44
0.1597021983698141
 45
-1.600031295984045
 46
48.94132373293423
 79
     6
 49
0.0
 49
-38.60800000000001
 49
0.0
 49
-43.18
 49
0.0
 49
-41.275
 53
7.499999999999999
 43
0.3224589913679665
 44
0.1597021983698141
 45
44.95232831380026
 46
71.68251005683543
 79
     6
 49
0.0
 49
-20.828
 49
0.0
 49
-34.798
 49
0.0
 49
-13.335
 53
327.5
 43
-30.91954100863203
 44
0.1597021983698141
 45
79.09923702414579
 46
0.1437184678545762
 79
     6
 49
0.0
 49
-12.7
 49
0.0
 49
-45.72
 49
0.0
 49
-59.69
 53
317.5
 43
-30.91954100863203
 44
0.1597021983698141
 45
76.35564524722972
 46
22.29293232572163
 79
     6
 49
0.0
 49
-6.349999999999999
 49
0.0
 49
-29.972
 49
0.0
 49
-34.29
 47
0.0175069435101327
 98
        1
 10
4485.202851392737
 20
6128.535292829023
1001
GradientColor1ACI
1070
     5
1001
GradientColor2ACI
1070
     2
1001
ACAD
1010
0.0
1020
0.0
1030
0.0
  0
HATCH
  5
1321
330
1F
100
AcDbEntity
  8
Слой1
370
    -3
100
AcDbHatch
 10
0.0
 20
0.0
 30
0.0
210
0.0
220
0.0
230
1.0
  2
AR-SAND
 70
     0
 71
     0
 91
        1
 92
        7
 72
     1
 73
     1
 93
        2
 10
4505.044472349065
 20
5959.314372640414
 42
1.0
 10
4505.812683420375
 20
5959.314372640414
 42
1.0
 97
        0
 75
     1
 76
     1
 52
0.0
 41
1.0
 77
     0
 78
     4
 53
37.5
 43
5.329637584209194
 44
1.214769696029179
 45
-1.600031295984045
 46
48.94132373293423
 79
     6
 49
0.0
 49
-38.60800000000001
 49
0.0
 49
-43.18
 49
0.0
 49
-41.275
 53
7.499999999999999
 43
5.329637584209194
 44
1.214769696029179
 45
44.95232831380026
 46
71.68251005683543
 79
     6
 49
0.0
 49
-20.828
 49
0.0
 49
-34.798
 49
0.0
 49
-13.335
 53
327.5
 43
-25.91236241579081
 44
1.214769696029179
 45
79.09923702414579
 46
0.1437184678545762
 79
     6
 49
0.0
 49
-12.7
 49
0.0
 49
-45.72
 49
0.0
 49
-59.69
 53
317.5
 43
-25.91236241579081
 44
1.214769696029179
 45
76.35564524722972
 46
22.29293232572163
 79
     6
 49
0.0
 49
-6.349999999999999
 49
0.0
 49
-29.972
 49
0.0
 49
-34.29
 47
0.004465353844224
 98
        1
 10
4505.277585022105
 20
5959.334887285051
1001
GradientColor1ACI
1070
     5
1001
GradientColor2ACI
1070
     2
1001
ACAD
1010
0.0
1020
0.0
1030
0.0
  0
HATCH
  5
132D
330
1F
100
AcDbEntity
  8
Слой1
370
    -3
100
AcDbHatch
 10
0.0
 20
0.0
 30
0.0
210
0.0
220
0.0
230
1.0
  2
AR-SAND
 70
     0
 71
     0
 91
        1
 92
        7
 72
     1
 73
     1
 93
        2
 10
4501.817195036466
 20
5959.942578356177
 42
1.0
 10
4502.585406107776
 20
5959.942578356177
 42
1.0
 97
        0
 75
     1
 76
     1
 52
0.0
 41
1.0
 77
     0
 78
     4
 53
37.5
 43
0.4805513163864817
 44
1.168371641786507
 45
-1.600031295984045
 46
48.94132373293423
 79
     6
 49
0.0
 49
-38.60800000000001
 49
0.0
 49
-43.18
 49
0.0
 49
-41.275
 53
7.499999999999999
 43
0.4805513163864817
 44
1.168371641786507
 45
44.95232831380026
 46
71.68251005683543
 79
     6
 49
0.0
 49
-20.828
 49
0.0
 49
-34.798
 49
0.0
 49
-13.335
 53
327.5
 43
-30.76144868361352
 44
1.168371641786507
 45
79.09923702414579
 46
0.1437184678545762
 79
     6
 49
0.0
 49
-12.7
 49
0.0
 49
-45.72
 49
0.0
 49
-59.69
 53
317.5
 43
-30.76144868361352
 44
1.168371641786507
 45
76.35564524722972
 46
22.29293232572163
 79
     6
 49
0.0
 49
-6.349999999999999
 49
0.0
 49
-29.972
 49
0.0
 49
-34.29
 47
0.0071679026380223
 98
        1
 10
4502.1443748496
 20
5959.971074856394
1001
GradientColor1ACI
1070
     5
1001
GradientColor2ACI
1070
     2
1001
ACAD
1010
0.0
1020
0.0
1030
0.0
  0
HATCH
  5
1331
330
1F
100
AcDbEntity
  8
Слой1
370
    -3
100
AcDbHatch
 10
0.0
 20
0.0
 30
0.0
210
0.0
220
0.0
230
1.0
  2
AR-SAND
 70
     0
 71
     0
 91
        1
 92
        7
 72
     1
 73
     1
 93
        2
 10
4489.714835287226
 20
6122.011095824891
 42
1.0
 10
4490.483046358536
 20
6122.011095824891
 42
1.0
 97
        0
 75
     1
 76
     1
 52
0.0
 41
1.0
 77
     0
 78
     4
 53
37.5
 43
3.099319125882175
 44
0.911146184473182
 45
-1.600031295984045
 46
48.94132373293423
 79
     6
 49
0.0
 49
-38.60800000000001
 49
0.0
 49
-43.18
 49
0.0
 49
-41.275
 53
7.499999999999999
 43
3.099319125882175
 44
0.911146184473182
 45
44.95232831380026
 46
71.68251005683543
 79
     6
 49
0.0
 49
-20.828
 49
0.0
 49
-34.798
 49
0.0
 49
-13.335
 53
327.5
 43
-28.14268087411782
 44
0.911146184473182
 45
79.09923702414579
 46
0.1437184678545762
 79
     6
 49
0.0
 49
-12.7
 49
0.0
 49
-45.72
 49
0.0
 49
-59.69
 53
317.5
 43
-28.14268087411782
 44
0.911146184473182
 45
76.35564524722972
 46
22.29293232572163
 79
     6
 49
0.0
 49
-6.349999999999999
 49
0.0
 49
-29.972
 49
0.0
 49
-34.29
 47
0.004465353844224
 98
        1
 10
4503.047266563778
 20
5959.031263773495
1001
GradientColor1ACI
1070
     5
1001
GradientColor2ACI
1070
     2
1001
ACAD
1010
0.0
1020
0.0
1030
0.0
  0
HATCH
  5
1334
330
1F
100
AcDbEntity
  8
Слой1
370
    -3
100
AcDbHatch
 10
0.0
 20
0.0
 30
0.0
210
0.0
220
0.0
230
1.0
  2
AR-SAND
 70
     0
 71
     1
 91
        1
 92
        7
 72
     1
 73
     1
 93
        2
 10
4484.714835548411
 20
6127.011095563706
 42
1.0
 10
4485.48304661972
 20
6127.011095563706
 42
1.0
 97
        1
330
1336
 75
     1
 76
     1
 52
0.0
 41
1.0
 77
     0
 78
     4
 53
37.5
 43
-1.900680612933683
 44
5.911145923288131
 45
-1.600031295984045
 46
48.94132373293423
 79
     6
 49
0.0
 49
-38.60800000000001
 49
0.0
 49
-43.18
 49
0.0
 49
-41.275
 53
7.499999999999999
 43
-1.900680612933683
 44
5.911145923288131
 45
44.95232831380026
 46
71.68251005683543
 79
     6
 49
0.0
 49
-20.828
 49
0.0
 49
-34.798
 49
0.0
 49
-13.335
 53
327.5
 43
-33.14268061293368
 44
5.911145923288131
 45
79.09923702414579
 46
0.1437184678545762
 79
     6
 49
0.0
 49
-12.7
 49
0.0
 49
-45.72
 49
0.0
 49
-59.69
 53
317.5
 43
-33.14268061293368
 44
5.911145923288131
 45
76.35564524722972
 46
22.29293232572163
 79
     6
 49
0.0
 49
-6.349999999999999
 49
0.0
 49
-29.972
 49
0.0
 49
-34.29
 47
0.004465353844224
 98
        1
 10
4498.047266824963
 20
5964.03126351231
1001
GradientColor1ACI
1070
     5
1001
GradientColor2ACI
1070
     2
1001
ACAD
1010
0.0
1020
0.0
1030
0.0
  0
HATCH
  5
1335
330
1F
100
AcDbEntity
  8
Слой1
370
    -3
100
AcDbHatch
 10
0.0
 20
0.0
 30
0.0
210
0.0
220
0.0
230
1.0
  2
AR-SAND
 70
     0
 71
     1
 91
        1
 92
        7
 72
     1
 73
     1
 93
        2
 10
4484.714835548411
 20
6127.011095563706
 42
1.0
 10
4485.48304661972
 20
6127.011095563706
 42
1.0
 97
        1
330
1336
 75
     1
 76
     1
 52
0.0
 41
1.0
 77
     0
 78
     4
 53
37.5
 43
-16.62180817166882
 44
168.2368888493165
 45
-1.600031295984045
 46
48.94132373293423
 79
     6
 49
0.0
 49
-38.60800000000001
 49
0.0
 49
-43.18
 49
0.0
 49
-41.275
 53
7.499999999999999
 43
-16.62180817166882
 44
168.2368888493165
 45
44.95232831380026
 46
71.68251005683543
 79
     6
 49
0.0
 49
-20.828
 49
0.0
 49
-34.798
 49
0.0
 49
-13.335
 53
327.5
 43
-47.86380817166882
 44
168.2368888493165
 45
79.09923702414579
 46
0.1437184678545762
 79
     6
 49
0.0
 49
-12.7
 49
0.0
 49
-45.72
 49
0.0
 49
-59.69
 53
317.5
 43
-47.86380817166882
 44
168.2368888493165
 45
76.35564524722972
 46
22.29293232572163
 79
     6
 49
0.0
 49
-6.349999999999999
 49
0.0
 49
-29.972
 49
0.0
 49
-34.29
 47
0.0071679026380223
 98
        1
 10
4485.042015361545
 20
6127.039592063924
1001
GradientColor1ACI
1070
     5
1001
GradientColor2ACI
1070
     2
1001
ACAD
1010
0.0
1020
0.0
1030
0.0
1001
HATCHBACKGROUNDCOLOR
1071
-1023410169
1000

1000

  0
CIRCLE
  5
1336
102
{ACAD_REACTORS
330
1334
330
1335
102
}
330
1F
100
AcDbEntity
  8
Слой1
370
    -3
100
AcDbCircle
 10
4485.098941084066
 20
6127.011095563706
 30
0.0
 40
0.3841055356551806
  0
HATCH
  5
1337
330
1F
100
AcDbEntity
  8
Слой1
370
    -3
100
AcDbHatch
 10
0.0
 20
0.0
 30
0.0
210
0.0
220
0.0
230
1.0
  2
AR-SAND
 70
     0
 71
     0
 91
        1
 92
        7
 72
     1
 73
     1
 93
        2
 10
4494.71483502604
 20
6117.011096086077
 42
1.0
 10
4495.48304609735
 20
6117.011096086077
 42
1.0
 97
        0
 75
     1
 76
     1
 52
0.0
 41
1.0
 77
     0
 78
     4
 53
37.5
 43
8.099318864696215
 44
-4.088853554341767
 45
-1.600031295984045
 46
48.94132373293423
 79
     6
 49
0.0
 49
-38.60800000000001
 49
0.0
 49
-43.18
 49
0.0
 49
-41.275
 53
7.499999999999999
 43
8.099318864696215
 44
-4.088853554341767
 45
44.95232831380026
 46
71.68251005683543
 79
     6
 49
0.0
 49
-20.828
 49
0.0
 49
-34.798
 49
0.0
 49
-13.335
 53
327.5
 43
-23.14268113530378
 44
-4.088853554341767
 45
79.09923702414579
 46
0.1437184678545762
 79
     6
 49
0.0
 49
-12.7
 49
0.0
 49
-45.72
 49
0.0
 49
-59.69
 53
317.5
 43
-23.14268113530378
 44
-4.088853554341767
 45
76.35564524722972
 46
22.29293232572163
 79
     6
 49
0.0
 49
-6.349999999999999
 49
0.0
 49
-29.972
 49
0.0
 49
-34.29
 47
0.004465353844224
 98
        1
 10
4508.047266302592
 20
5954.03126403468
1001
GradientColor1ACI
1070
     5
1001
GradientColor2ACI
1070
     2
1001
ACAD
1010
0.0
1020
0.0
1030
0.0
  0
HATCH
  5
133A
330
1F
100
AcDbEntity
  8
Слой1
370
    -3
100
AcDbHatch
 10
0.0
 20
0.0
 30
0.0
210
0.0
220
0.0
230
1.0
  2
AR-SAND
 70
     0
 71
     1
 91
        1
 92
        7
 72
     1
 73
     1
 93
        2
 10
4499.714834764855
 20
5958.099602944385
 42
1.0
 10
4500.483045836165
 20
5958.099602944385
 42
1.0
 97
        1
330
133B
 75
     1
 76
     1
 52
0.0
 41
1.0
 77
     0
 78
     4
 53
37.5
 43
-1.621808955223968
 44
-0.6746037700049783
 45
-1.600031295984045
 46
48.94132373293423
 79
     6
 49
0.0
 49
-38.60800000000001
 49
0.0
 49
-43.18
 49
0.0
 49
-41.275
 53
7.499999999999999
 43
-1.621808955223968
 44
-0.6746037700049783
 45
44.95232831380026
 46
71.68251005683543
 79
     6
 49
0.0
 49
-20.828
 49
0.0
 49
-34.798
 49
0.0
 49
-13.335
 53
327.5
 43
-32.86380895522397
 44
-0.6746037700049783
 45
79.09923702414579
 46
0.1437184678545762
 79
     6
 49
0.0
 49
-12.7
 49
0.0
 49
-45.72
 49
0.0
 49
-59.69
 53
317.5
 43
-32.86380895522397
 44
-0.6746037700049783
 45
76.35564524722972
 46
22.29293232572163
 79
     6
 49
0.0
 49
-6.349999999999999
 49
0.0
 49
-29.972
 49
0.0
 49
-34.29
 47
0.0071679026380223
 98
        1
 10
4500.04201457799
 20
5958.128099444603
1001
GradientColor1ACI
1070
     5
1001
GradientColor2ACI
1070
     2
1001
ACAD
1010
0.0
1020
0.0
1030
0.0
1001
HATCHBACKGROUNDCOLOR
1071
-1023410169
1000

1000

  0
CIRCLE
  5
133B
102
{ACAD_REACTORS
330
1337
330
133A
102
}
330
1F
100
AcDbEntity
  8
Слой1
370
    -3
100
AcDbCircle
 10
4500.09894030051
 20
5958.099602944385
 30
0.0
 40
0.3841055356551806
  0
MTEXT
  5
133C
330
1F
100
AcDbEntity
  8
Слой1
370
    -3
100
AcDbMText
 10
4500.814004829972
 20
6045.020583977965
 30
0.0
 40
1.8
 41
3.629860294456364
 46
0.0
 71
     1
 72
     5
  1
\pxqc;KM
  7
GOST_A
 73
     1
 44
1.0
101
Embedded Object
 70
     1
 10
1.0
 20
0.0
 30
0.0
 11
4500.814004829972
 21
6045.020583977965
 31
0.0
 40
3.629860294456364
 41
0.0
 42
2.314653323802716
 43
1.811579699785561
 71
     2
 72
     1
 44
3.629860294456364
 45
15.0
 73
     0
 74
     0
 46
1.76171668847644
  0
MTEXT
  5
133D
330
1F
100
AcDbEntity
  8
Слой1
370
    -3
100
AcDbMText
 10
4497.152715558194
 20
6062.831996249268
 30
0.0
 40
1.8
 41
3.629860294456364
 46
0.0
 71
     1
 72
     5
  1
\pxqc;QF
  7
GOST_A
 73
     1
 44
1.0
101
Embedded Object
 70
     1
 10
1.0
 20
0.0
 30
0.0
 11
4497.152715558194
 21
6062.831996249268
 31
0.0
 40
3.629860294456364
 41
0.0
 42
2.058613295210864
 43
1.801286633309506
 71
     2
 72
     1
 44
3.629860294456364
 45
15.0
 73
     0
 74
     0
 46
1.76171668847644
  0
LWPOLYLINE
  5
1342
330
1F
100
AcDbEntity
  8
Слой1
 62
     7
370
    30
100
AcDbPolyline
 90
        4
 70
     1
 43
0.0
 10
4507.777078453822
 20
6144.27571535837
 10
4512.777078192637
 20
6144.27571535837
 10
4512.777078192637
 20
6149.178602821527
 10
4507.777078453822
 20
6149.178602821527
  0
MTEXT
  5
1343
330
1F
100
AcDbEntity
  8
XT1
370
    -3
100
AcDbMText
 10
4508.40341363264
 20
6147.730649647369
 30
0.0
 40
1.8
 41
3.629860294456364
 46
0.0
 71
     1
 72
     5
  1
\pxqc;#1
  7
GOST_A
 73
     1
 44
1.0
101
Embedded Object
 70
     1
 10
1.0
 20
0.0
 30
0.0
 11
4508.40341363264
 21
6147.730649647369
 31
0.0
 40
3.629860294456364
 41
0.0
 42
2.007147962830593
 43
1.802573266619013
 71
     2
 72
     1
 44
3.629860294456364
 45
15.0
 73
     0
 74
     0
 46
1.76171668847644
  0
LINE
  5
1382
330
1F
100
AcDbEntity
  8
Слой1
370
    -3
100
AcDbLine
 10
4485.098941084066
 20
6056.170063490096
 30
0.0
 11
4483.114272704779
 21
6056.170063490096
 31
0.0
  0
LINE
  5
1383
330
1F
100
AcDbEntity
  8
Слой1
370
    -3
100
AcDbLine
 10
4483.114272704779
 20
6056.170063490096
 30
0.0
 11
4483.114272704779
 21
6054.525610892733
 31
0.0
  0
LINE
  5
1384
330
1F
100
AcDbEntity
  8
Слой1
370
    -3
100
AcDbLine
 10
4483.114272704779
 20
6054.525610892733
 30
0.0
 11
4485.098941084066
 21
6054.525610892734
 31
0.0
  0
LINE
  5
1385
330
1F
100
AcDbEntity
  8
Слой1
370
    -3
100
AcDbLine
 10
4490.098940822881
 20
6056.170063490096
 30
0.0
 11
4488.114272443594
 21
6056.170063490096
 31
0.0
  0
LINE
  5
1386
330
1F
100
AcDbEntity
  8
Слой1
370
    -3
100
AcDbLine
 10
4488.114272443594
 20
6056.170063490096
 30
0.0
 11
4488.114272443594
 21
6054.525610892733
 31
0.0
  0
LINE
  5
1387
330
1F
100
AcDbEntity
  8
Слой1
370
    -3
100
AcDbLine
 10
4488.114272443594
 20
6054.525610892733
 30
0.0
 11
4490.098940822881
 21
6054.525610892734
 31
0.0
  0
LINE
  5
1388
330
1F
100
AcDbEntity
  8
Слой1
370
    -3
100
AcDbLine
 10
4495.098940561695
 20
6056.170063490096
 30
0.0
 11
4493.114272182409
 21
6056.170063490096
 31
0.0
  0
LINE
  5
1389
330
1F
100
AcDbEntity
  8
Слой1
370
    -3
100
AcDbLine
 10
4493.114272182409
 20
6056.170063490096
 30
0.0
 11
4493.114272182409
 21
6054.525610892733
 31
0.0
  0
LINE
  5
138A
330
1F
100
AcDbEntity
  8
Слой1
370
    -3
100
AcDbLine
 10
4493.114272182409
 20
6054.525610892733
 30
0.0
 11
4495.098940561695
 21
6054.525610892734
 31
0.0
  0
LINE
  5
13A5
330
1F
100
AcDbEntity
  8
Слой1
370
    -3
100
AcDbLine
 10
4485.098941084063
 20
6052.119160390662
 30
0.0
 11
4490.098940822881
 21
6052.119160390662
 31
0.0
  0
LINE
  5
13A6
330
1F
100
AcDbEntity
  8
Кабель
100
AcDbLine
 10
4490.098940822881
 20
6072.112210779694
 30
0.0
 11
4490.098940822881
 21
6063.929460662503
 31
0.0
  0
LINE
  5
13A7
330
1F
100
AcDbEntity
  8
Кабель
100
AcDbLine
 10
4495.098940561695
 20
6072.112210779694
 30
0.0
 11
4495.098940561695
 21
6063.929460662503
 31
0.0
  0
LINE
  5
13A8
330
1F
100
AcDbEntity
  8
Слой1
370
    -3
100
AcDbLine
 10
4490.098940822881
 20
6072.112210779694
 30
0.0
 11
4495.098940561695
 21
6072.112210779694
 31
0.0
  0
LINE
  5
13A9
330
1F
100
AcDbEntity
  8
Слой1
370
    -3
100
AcDbLine
 10
4495.098940561695
 20
6048.52298078278
 30
0.0
 11
4485.098941084063
 21
6048.52298078278
 31
0.0
  0
LINE
  5
13AA
330
1F
100
AcDbEntity
  8
Слой1
370
    -3
100
AcDbLine
 10
4485.098941084063
 20
6048.52298078278
 30
0.0
 11
4485.098941084063
 21
6045.812318893388
 31
0.0
  0
LINE
  5
13C3
330
1F
100
AcDbEntity
  8
Кабель
100
AcDbLine
 10
4500.187331198204
 20
6047.167649838083
 30
0.0
 11
4500.09894030051
 21
5963.0996026832
 31
0.0
  0
HATCH
  5
13C4
330
1F
100
AcDbEntity
  8
Слой1
370
    -3
100
AcDbHatch
 10
0.0
 20
0.0
 30
0.0
210
0.0
220
0.0
230
1.0
  2
AR-SAND
 70
     0
 71
     1
 91
        1
 92
        7
 72
     1
 73
     1
 93
        2
 10
4499.714834764855
 20
5963.0996026832
 42
1.0
 10
4500.483045836165
 20
5963.0996026832
 42
1.0
 97
        1
330
13C5
 75
     1
 76
     1
 52
0.0
 41
1.0
 77
     0
 78
     4
 53
37.5
 43
-1.621808955223968
 44
4.325395968809971
 45
-1.600031295984045
 46
48.94132373293423
 79
     6
 49
0.0
 49
-38.60800000000001
 49
0.0
 49
-43.18
 49
0.0
 49
-41.275
 53
7.499999999999999
 43
-1.621808955223968
 44
4.325395968809971
 45
44.95232831380026
 46
71.68251005683543
 79
     6
 49
0.0
 49
-20.828
 49
0.0
 49
-34.798
 49
0.0
 49
-13.335
 53
327.5
 43
-32.86380895522397
 44
4.325395968809971
 45
79.09923702414579
 46
0.1437184678545762
 79
     6
 49
0.0
 49
-12.7
 49
0.0
 49
-45.72
 49
0.0
 49
-59.69
 53
317.5
 43
-32.86380895522397
 44
4.325395968809971
 45
76.35564524722972
 46
22.29293232572163
 79
     6
 49
0.0
 49
-6.349999999999999
 49
0.0
 49
-29.972
 49
0.0
 49
-34.29
 47
0.0071679026380223
 98
        1
 10
4500.04201457799
 20
5963.128099183418
1001
GradientColor1ACI
1070
     5
1001
GradientColor2ACI
1070
     2
1001
ACAD
1010
0.0
1020
0.0
1030
0.0
1001
HATCHBACKGROUNDCOLOR
1071
-1023410169
1000

1000

  0
CIRCLE
  5
13C5
102
{ACAD_REACTORS
330
1337
330
13C4
102
}
330
1F
100
AcDbEntity
  8
Слой1
370
    -3
100
AcDbCircle
 10
4500.09894030051
 20
5963.0996026832
 30
0.0
 40
0.3841055356551806
  0
LINE
  5
13C6
330
1F
100
AcDbEntity
  8
Слой1
370
    -3
100
AcDbLine
 10
4490.098940822878
 20
6047.167649838083
 30
0.0
 11
4490.098940822878
 21
6045.812318893388
 31
0.0
  0
LINE
  5
13C7
330
1F
100
AcDbEntity
  8
Слой1
370
    -3
100
AcDbLine
 10
4490.098940822878
 20
6047.167649838083
 30
0.0
 11
4500.187331198204
 21
6047.167649838083
 31
0.0
  0
MTEXT
  5
13CF
330
1F
100
AcDbEntity
  8
QF
370
    -3
100
AcDbMText
 10
4500.913522290407
 20
6062.831996249268
 30
0.0
 40
1.8
 41
3.629860294456364
 46
0.0
 71
     1
 72
     5
  1
#1
  7
GOST_A
 73
     1
 44
1.0
101
Embedded Object
 70
     1
 10
1.0
 20
0.0
 30
0.0
 11
4500.913522290407
 21
6062.831996249268
 31
0.0
 40
3.629860294456364
 41
0.0
 42
2.007147962830593
 43
1.802573266619013
 71
     2
 72
     1
 44
3.629860294456364
 45
15.0
 73
     0
 74
     0
 46
1.76171668847644
  0
MTEXT
  5
13D3
330
1F
100
AcDbEntity
  8
KM
370
    -3
100
AcDbMText
 10
4504.532397561183
 20
6045.020583977965
 30
0.0
 40
1.8
 41
3.629860294456364
 46
0.0
 71
     1
 72
     5
  1
#1.1
  7
GOST_A
 73
     1
 44
1.0
101
Embedded Object
 70
     1
 10
1.0
 20
0.0
 30
0.0
 11
4504.532397561183
 21
6045.020583977965
 31
0.0
 40
3.629860294456364
 41
0.0
 42
3.100786275911365
 43
1.802573266619013
 71
     2
 72
     1
 44
3.629860294456364
 45
15.0
 73
     0
 74
     0
 46
1.76171668847644
  0
LINE
  5
13F0
330
1F
100
AcDbEntity
  8
Слой1
370
    -3
100
AcDbLine
 10
4495.098940561695
 20
6042.216205346292
 30
0.0
 11
4495.098940561695
 21
6039.782201570977
 31
0.0
  0
LWPOLYLINE
  5
1425
330
1F
100
AcDbEntity
  8
Слой1
 62
     7
370
    30
100
AcDbPolyline
 90
        4
 70
     1
 43
0.0
 10
4520.277077800859
 20
6041.654261071421
 10
4530.277077278489
 20
6041.654261071421
 10
4530.277077278489
 20
6046.557148534579
 10
4520.277077800859
 20
6046.557148534579
  0
MTEXT
  5
1426
330
1F
100
AcDbEntity
  8
Слой1
370
    -3
100
AcDbMText
 10
4530.909492227451
 20
6045.020583977965
 30
0.0
 40
1.8
 41
3.629860294456364
 46
0.0
 71
     1
 72
     5
  1
\pxqc;KM
  7
GOST_A
 73
     1
 44
1.0
101
Embedded Object
 70
     1
 10
1.0
 20
0.0
 30
0.0
 11
4530.909492227451
 21
6045.020583977965
 31
0.0
 40
3.629860294456364
 41
0.0
 42
2.314653323802716
 43
1.811579699785561
 71
     2
 72
     1
 44
3.629860294456364
 45
15.0
 73
     0
 74
     0
 46
1.76171668847644
  0
LINE
  5
1427
330
1F
100
AcDbEntity
  8
Кабель
100
AcDbLine
 10
4505.277078584414
 20
6112.01109634726
 30
0.0
 11
4505.277078584414
 21
6056.170063490096
 31
0.0
  0
LINE
  5
142A
330
1F
100
AcDbEntity
  8
Кабель
100
AcDbLine
 10
4510.277078323229
 20
6144.27571535837
 30
0.0
 11
4510.277078323229
 21
6063.929460662501
 31
0.0
  0
LINE
  5
142B
330
1F
100
AcDbEntity
  8
Слой1
370
    -3
100
AcDbLine
 10
4505.277078584414
 20
6056.170063490096
 30
0.0
 11
4510.277078323228
 21
6056.170063490096
 31
0.0
  0
LINE
  5
142C
330
1F
100
AcDbEntity
  8
Слой1
370
    -3
100
AcDbLine
 10
4510.277078323228
 20
6056.170063490096
 30
0.0
 11
4510.277078323228
 21
6058.251705302751
 31
0.0
  0
LINE
  5
142D
330
1F
100
AcDbEntity
  8
Кабель
100
AcDbLine
 10
4510.277078323228
 20
6060.333347115406
 30
0.0
 11
4510.277078323228
 21
6056.170063490095
 31
0.0
  0
LINE
  5
142E
330
1F
100
AcDbEntity
  8
Слой1
370
    -3
100
AcDbLine
 10
4508.027151752996
 20
6063.929460662501
 30
0.0
 11
4510.277078323228
 21
6060.333347115406
 31
0.0
  0
LINE
  5
1433
330
1F
100
AcDbEntity
  8
Кабель
100
AcDbLine
 10
4520.277077800859
 20
6144.27571535837
 30
0.0
 11
4520.277077800859
 21
6112.011096347262
 31
0.0
  0
LINE
  5
1434
330
1F
100
AcDbEntity
  8
Кабель
100
AcDbLine
 10
4525.277077539674
 20
6144.27571535837
 30
0.0
 11
4525.277077539674
 21
6046.557148534579
 31
0.0
  0
LINE
  5
1435
330
1F
100
AcDbEntity
  8
Слой1
370
    -3
100
AcDbLine
 10
4525.277077539674
 20
6041.654261071421
 30
0.0
 11
4525.277077539674
 21
5973.09960216083
 31
0.0
  0
HATCH
  5
1436
330
1F
100
AcDbEntity
  8
Слой1
370
    -3
100
AcDbHatch
 10
0.0
 20
0.0
 30
0.0
210
0.0
220
0.0
230
1.0
  2
AR-SAND
 70
     0
 71
     1
 91
        1
 92
        7
 72
     1
 73
     1
 93
        2
 10
4505.661184120069
 20
6112.011096347262
 42
1.0
 10
4504.892973048759
 20
6112.011096347262
 42
1.0
 97
        1
330
1437
 75
     1
 76
     1
 52
0.0
 41
1.0
 77
     0
 78
     4
 53
37.5
 43
3.556329328679566
 44
153.2368896328716
 45
-1.600031295984045
 46
48.94132373293423
 79
     6
 49
0.0
 49
-38.60800000000001
 49
0.0
 49
-43.18
 49
0.0
 49
-41.275
 53
7.499999999999999
 43
3.556329328679566
 44
153.2368896328716
 45
44.95232831380026
 46
71.68251005683543
 79
     6
 49
0.0
 49
-20.828
 49
0.0
 49
-34.798
 49
0.0
 49
-13.335
 53
327.5
 43
-27.68567067132063
 44
153.2368896328716
 45
79.09923702414579
 46
0.1437184678545762
 79
     6
 49
0.0
 49
-12.7
 49
0.0
 49
-45.72
 49
0.0
 49
-59.69
 53
317.5
 43
-27.68567067132063
 44
153.2368896328716
 45
76.35564524722972
 46
22.29293232572163
 79
     6
 49
0.0
 49
-6.349999999999999
 49
0.0
 49
-29.972
 49
0.0
 49
-34.29
 47
0.0071679026380223
 98
        1
 10
4505.220152861894
 20
6112.039592847479
1001
GradientColor1ACI
1070
     5
1001
GradientColor2ACI
1070
     2
1001
ACAD
1010
0.0
1020
0.0
1030
0.0
1001
HATCHBACKGROUNDCOLOR
1071
-1023410169
1000

1000

  0
CIRCLE
  5
1437
102
{ACAD_REACTORS
330
1436
102
}
330
1F
100
AcDbEntity
  8
Слой1
370
    -3
100
AcDbCircle
 10
4505.277078584414
 20
6112.011096347262
 30
0.0
 40
0.3841055356551806
  0
HATCH
  5
1438
330
1F
100
AcDbEntity
  8
Слой1
370
    -3
100
AcDbHatch
 10
0.0
 20
0.0
 30
0.0
210
0.0
220
0.0
230
1.0
  2
AR-SAND
 70
     0
 71
     1
 91
        1
 92
        7
 72
     1
 73
     1
 93
        2
 10
4520.661183336514
 20
6112.011096347262
 42
1.0
 10
4519.892972265203
 20
6112.011096347262
 42
1.0
 97
        1
330
1439
 75
     1
 76
     1
 52
0.0
 41
1.0
 77
     0
 78
     4
 53
37.5
 43
18.55632854512441
 44
153.2368896328716
 45
-1.600031295984045
 46
48.94132373293423
 79
     6
 49
0.0
 49
-38.60800000000001
 49
0.0
 49
-43.18
 49
0.0
 49
-41.275
 53
7.499999999999999
 43
18.55632854512441
 44
153.2368896328716
 45
44.95232831380026
 46
71.68251005683543
 79
     6
 49
0.0
 49
-20.828
 49
0.0
 49
-34.798
 49
0.0
 49
-13.335
 53
327.5
 43
-12.68567145487577
 44
153.2368896328716
 45
79.09923702414579
 46
0.1437184678545762
 79
     6
 49
0.0
 49
-12.7
 49
0.0
 49
-45.72
 49
0.0
 49
-59.69
 53
317.5
 43
-12.68567145487577
 44
153.2368896328716
 45
76.35564524722972
 46
22.29293232572163
 79
     6
 49
0.0
 49
-6.349999999999999
 49
0.0
 49
-29.972
 49
0.0
 49
-34.29
 47
0.0071679026380223
 98
        1
 10
4520.220152078338
 20
6112.039592847479
1001
GradientColor1ACI
1070
     5
1001
GradientColor2ACI
1070
     2
1001
ACAD
1010
0.0
1020
0.0
1030
0.0
1001
HATCHBACKGROUNDCOLOR
1071
-1023410169
1000

1000

  0
CIRCLE
  5
1439
102
{ACAD_REACTORS
330
1438
102
}
330
1F
100
AcDbEntity
  8
Слой1
370
    -3
100
AcDbCircle
 10
4520.277077800859
 20
6112.011096347262
 30
0.0
 40
0.3841055356551806
  0
HATCH
  5
143A
330
1F
100
AcDbEntity
  8
Слой1
370
    -3
100
AcDbHatch
 10
0.0
 20
0.0
 30
0.0
210
0.0
220
0.0
230
1.0
  2
AR-SAND
 70
     0
 71
     1
 91
        1
 92
        7
 72
     1
 73
     1
 93
        2
 10
4525.661183075329
 20
5973.09960216083
 42
1.0
 10
4524.892972004018
 20
5973.09960216083
 42
1.0
 97
        1
330
143B
 75
     1
 76
     1
 52
0.0
 41
1.0
 77
     0
 78
     4
 53
37.5
 43
23.55632828393936
 44
14.32539544643987
 45
-1.600031295984045
 46
48.94132373293423
 79
     6
 49
0.0
 49
-38.60800000000001
 49
0.0
 49
-43.18
 49
0.0
 49
-41.275
 53
7.499999999999999
 43
23.55632828393936
 44
14.32539544643987
 45
44.95232831380026
 46
71.68251005683543
 79
     6
 49
0.0
 49
-20.828
 49
0.0
 49
-34.798
 49
0.0
 49
-13.335
 53
327.5
 43
-7.685671716060824
 44
14.32539544643987
 45
79.09923702414579
 46
0.1437184678545762
 79
     6
 49
0.0
 49
-12.7
 49
0.0
 49
-45.72
 49
0.0
 49
-59.69
 53
317.5
 43
-7.685671716060824
 44
14.32539544643987
 45
76.35564524722972
 46
22.29293232572163
 79
     6
 49
0.0
 49
-6.349999999999999
 49
0.0
 49
-29.972
 49
0.0
 49
-34.29
 47
0.0071679026380223
 98
        1
 10
4525.220151817153
 20
5973.128098661047
1001
GradientColor1ACI
1070
     5
1001
GradientColor2ACI
1070
     2
1001
ACAD
1010
0.0
1020
0.0
1030
0.0
1001
HATCHBACKGROUNDCOLOR
1071
-1023410169
1000

1000

  0
CIRCLE
  5
143B
102
{ACAD_REACTORS
330
143A
102
}
330
1F
100
AcDbEntity
  8
Слой1
370
    -3
100
AcDbCircle
 10
4525.277077539674
 20
5973.09960216083
 30
0.0
 40
0.3841055356551806
  0
MTEXT
  5
143C
330
1F
100
AcDbEntity
  8
Слой1
370
    -3
100
AcDbMText
 10
4511.665481018538
 20
6062.831996249268
 30
0.0
 40
1.8
 41
3.629860294456364
 46
0.0
 71
     1
 72
     5
  1
\pxqc;QF
  7
GOST_A
 73
     1
 44
1.0
101
Embedded Object
 70
     1
 10
1.0
 20
0.0
 30
0.0
 11
4511.665481018538
 21
6062.831996249268
 31
0.0
 40
3.629860294456364
 41
0.0
 42
2.058613295210864
 43
1.801286633309506
 71
     2
 72
     1
 44
3.629860294456364
 45
15.0
 73
     0
 74
     0
 46
1.76171668847644
  0
MTEXT
  5
143D
330
1F
100
AcDbEntity
  8
QF
370
    -3
100
AcDbMText
 10
4514.919259901063
 20
6062.831996249268
 30
0.0
 40
1.8
 41
3.629860294456364
 46
0.0
 71
     1
 72
     5
  1
\pxqc;#1.1
  7
GOST_A
 73
     1
 44
1.0
101
Embedded Object
 70
     1
 10
1.0
 20
0.0
 30
0.0
 11
4514.919259901063
 21
6062.831996249268
 31
0.0
 40
3.629860294456364
 41
0.0
 42
3.100786275911365
 43
1.802573266619013
 71
     2
 72
     1
 44
3.629860294456364
 45
15.0
 73
     0
 74
     0
 46
1.76171668847644
  0
MTEXT
  5
143E
330
1F
100
AcDbEntity
  8
KM
370
    -3
100
AcDbMText
 10
4534.736655747265
 20
6045.020583977965
 30
0.0
 40
1.8
 41
3.629860294456364
 46
0.0
 71
     1
 72
     5
  1
\pxqc;#1
  7
GOST_A
 73
     1
 44
1.0
101
Embedded Object
 70
     1
 10
1.0
 20
0.0
 30
0.0
 11
4534.736655747265
 21
6045.020583977965
 31
0.0
 40
3.629860294456364
 41
0.0
 42
2.007147962830593
 43
1.802573266619013
 71
     2
 72
     1
 44
3.629860294456364
 45
15.0
 73
     0
 74
     0
 46
1.76171668847644
  0
LWPOLYLINE
  5
1455
330
1F
100
AcDbEntity
  8
Слой1
 62
     7
370
    30
100
AcDbPolyline
 90
        4
 70
     1
 43
0.0
 10
4517.777077931451
 20
6144.27571535837
 10
4522.777077670266
 20
6144.27571535837
 10
4522.777077670266
 20
6149.178602821527
 10
4517.777077931451
 20
6149.178602821527
  0
MTEXT
  5
1456
330
1F
100
AcDbEntity
  8
XT1
370
    -3
100
AcDbMText
 10
4518.403413110269
 20
6147.730649647369
 30
0.0
 40
1.8
 41
3.629860294456364
 46
0.0
 71
     1
 72
     5
  1
\pxqc;#2
  7
GOST_A
 73
     1
 44
1.0
101
Embedded Object
 70
     1
 10
1.0
 20
0.0
 30
0.0
 11
4518.403413110269
 21
6147.730649647369
 31
0.0
 40
3.629860294456364
 41
0.0
 42
2.403431022158684
 43
1.802573266619013
 71
     2
 72
     1
 44
3.629860294456364
 45
15.0
 73
     0
 74
     0
 46
1.76171668847644
  0
LWPOLYLINE
  5
1457
330
1F
100
AcDbEntity
  8
Слой1
 62
     7
370
    30
100
AcDbPolyline
 90
        4
 70
     1
 43
0.0
 10
4522.777077670266
 20
6144.27571535837
 10
4527.777077409081
 20
6144.27571535837
 10
4527.777077409081
 20
6149.178602821527
 10
4522.777077670266
 20
6149.178602821527
  0
MTEXT
  5
1458
330
1F
100
AcDbEntity
  8
XT1
370
    -3
100
AcDbMText
 10
4523.403412849084
 20
6147.730649647369
 30
0.0
 40
1.8
 41
3.629860294456364
 46
0.0
 71
     1
 72
     5
  1
\pxqc;#3
  7
GOST_A
 73
     1
 44
1.0
101
Embedded Object
 70
     1
 10
1.0
 20
0.0
 30
0.0
 11
4523.403412849084
 21
6147.730649647369
 31
0.0
 40
3.629860294456364
 41
0.0
 42
2.264474624731951
 43
1.802573266619013
 71
     2
 72
     1
 44
3.629860294456364
 45
15.0
 73
     0
 74
     0
 46
1.76171668847644
  0
LWPOLYLINE
  5
1488
330
1F
100
AcDbEntity
  8
Слой1
 62
     7
370
    30
100
AcDbPolyline
 90
        4
 70
     1
 43
0.0
 10
4480.334997369221
 20
5994.881361515758
 10
4495.61817208024
 20
5994.881361515758
 10
4495.61817208024
 20
6013.844041758213
 10
4480.334997369221
 20
6013.844041758213
  0
LWPOLYLINE
  5
1489
330
1F
100
AcDbEntity
  8
Слой1
 62
     7
370
    30
100
AcDbPolyline
 90
        4
 70
     1
 43
0.0
 10
4482.598941214658
 20
6008.941154295055
 10
4487.598940953473
 20
6008.941154295055
 10
4487.598940953473
 20
6013.844041758213
 10
4482.598941214658
 20
6013.844041758213
  0
LWPOLYLINE
  5
148A
330
1F
100
AcDbEntity
  8
Слой1
 62
     7
370
    30
100
AcDbPolyline
 90
        4
 70
     1
 43
0.0
 10
4487.598940953473
 20
6008.941154295055
 10
4492.598940692288
 20
6008.941154295055
 10
4492.598940692288
 20
6013.844041758213
 10
4487.598940953473
 20
6013.844041758213
  0
MTEXT
  5
148C
330
1F
100
AcDbEntity
  8
Слой1
370
    -3
100
AcDbMText
 10
4483.225276393477
 20
6012.396088584055
 30
0.0
 40
1.8
 41
3.629860294456364
 46
0.0
 71
     1
 72
     5
  1
\pxqc;L1
  7
GOST_A
 73
     1
 44
1.0
101
Embedded Object
 70
     1
 10
1.0
 20
0.0
 30
0.0
 11
4483.225276393477
 21
6012.396088584055
 31
0.0
 40
3.629860294456364
 41
0.0
 42
1.415296640457469
 43
1.802573266619013
 71
     2
 72
     1
 44
3.629860294456364
 45
15.0
 73
     0
 74
     0
 46
1.76171668847644
  0
MTEXT
  5
148D
330
1F
100
AcDbEntity
  8
Слой1
370
    -3
100
AcDbMText
 10
4488.225276132292
 20
6012.396088584055
 30
0.0
 40
1.8
 41
3.629860294456364
 46
0.0
 71
     1
 72
     5
  1
\pxqc;N
  7
GOST_A
 73
     1
 44
1.0
101
Embedded Object
 70
     1
 10
1.0
 20
0.0
 30
0.0
 11
4488.225276132292
 21
6012.396088584055
 31
0.0
 40
3.629860294456364
 41
0.0
 42
0.9019299499642601
 43
1.802573266619013
 71
     2
 72
     1
 44
3.629860294456364
 45
15.0
 73
     0
 74
     0
 46
1.76171668847644
  0
LWPOLYLINE
  5
148F
330
1F
100
AcDbEntity
  8
Слой1
 62
     7
370
    30
100
AcDbPolyline
 90
        4
 70
     1
 43
0.0
 10
4482.598941214658
 20
5994.881361515758
 10
4487.598940953473
 20
5994.881361515758
 10
4487.598940953473
 20
5999.784248978915
 10
4482.598941214658
 20
5999.784248978915
  0
LWPOLYLINE
  5
1490
330
1F
100
AcDbEntity
  8
Слой1
 62
     7
370
    30
100
AcDbPolyline
 90
        4
 70
     1
 43
0.0
 10
4487.598940953473
 20
5994.881361515758
 10
4492.598940692288
 20
5994.881361515758
 10
4492.598940692288
 20
5999.784248978915
 10
4487.598940953473
 20
5999.784248978915
  0
MTEXT
  5
1494
330
1F
100
AcDbEntity
  8
Слой1
370
    -3
100
AcDbMText
 10
4483.225276393477
 20
5998.336295804757
 30
0.0
 40
1.8
 41
3.629860294456364
 46
0.0
 71
     1
 72
     5
  1
\pxqc;1
  7
GOST_A
 73
     1
 44
1.0
101
Embedded Object
 70
     1
 10
1.0
 20
0.0
 30
0.0
 11
4483.225276393477
 21
5998.336295804757
 31
0.0
 40
3.629860294456364
 41
0.0
 42
0.5133666904932096
 43
1.802573266619013
 71
     2
 72
     1
 44
3.629860294456364
 45
15.0
 73
     0
 74
     0
 46
1.76171668847644
  0
MTEXT
  5
1495
330
1F
100
AcDbEntity
  8
Слой1
370
    -3
100
AcDbMText
 10
4488.225276132292
 20
5998.336295804757
 30
0.0
 40
1.8
 41
3.629860294456364
 46
0.0
 71
     1
 72
     5
  1
\pxqc;2
  7
GOST_A
 73
     1
 44
1.0
101
Embedded Object
 70
     1
 10
1.0
 20
0.0
 30
0.0
 11
4488.225276132292
 21
5998.336295804757
 31
0.0
 40
3.629860294456364
 41
0.0
 42
0.9096497498213009
 43
1.801286633309506
 71
     2
 72
     1
 44
3.629860294456364
 45
15.0
 73
     0
 74
     0
 46
1.76171668847644
  0
MTEXT
  5
149B
330
1F
100
AcDbEntity
  8
Слой1
370
    -3
100
AcDbMText
 10
4475.62466254246
 20
6005.607207169988
 30
0.0
 40
1.8
 41
3.629860294456364
 46
0.0
 71
     1
 72
     5
  1
\pxqc;reg
  7
GOST_A
 73
     1
 44
1.0
101
Embedded Object
 70
     1
 10
1.0
 20
0.0
 30
0.0
 11
4475.62466254246
 21
6005.607207169988
 31
0.0
 40
3.629860294456364
 41
0.0
 42
2.701929949964259
 43
2.313366690493209
 71
     2
 72
     1
 44
3.629860294456364
 45
15.0
 73
     0
 74
     0
 46
1.76171668847644
  0
LINE
  5
14A3
330
1F
100
AcDbEntity
  8
Слой1
370
    -3
100
AcDbLine
 10
4485.098941084066
 20
5994.881361515758
 30
0.0
 11
4485.098941084066
 21
5956.017961131728
 31
0.0
  0
LINE
  5
14A4
330
1F
100
AcDbEntity
  8
Слой1
370
    -3
100
AcDbLine
 10
4490.098940822881
 20
5994.881361515758
 30
0.0
 11
4490.098940822881
 21
5958.099602944385
 31
0.0
  0
MTEXT
  5
14BF
330
1F
100
AcDbEntity
  8
Слой1
370
    -3
100
AcDbMText
 10
4523.718153284948
 20
6044.929206735515
 30
0.0
 40
1.8
 41
3.629860294456364
 46
0.0
 71
     1
 72
     5
  1
\pxqc;В4
  7
GOST_A
 73
     1
 44
1.0
101
Embedded Object
 70
     1
 10
1.0
 20
0.0
 30
0.0
 11
4523.718153284948
 21
6044.929206735515
 31
0.0
 40
3.629860294456364
 41
0.0
 42
2.059899928520371
 43
1.801286633309506
 71
     2
 72
     1
 44
3.629860294456364
 45
15.0
 73
     0
 74
     0
 46
1.76171668847644
  0
ENDSEC
  0
SECTION
  2
OBJECTS
  0
DICTIONARY
  5
C
330
0
100
AcDbDictionary
281
     1
  3
ACAD_CIP_PREVIOUS_PRODUCT_INFO
350
216
  3
ACAD_COLOR
350
6B
  3
ACAD_DETAILVIEWSTYLE
350
21B
  3
ACAD_GROUP
350
D
  3
ACAD_IMAGE_DICT
350
D3A
  3
ACAD_LAST_SAVED_VERSION_INFO
350
1368
  3
ACAD_LAYOUT
350
1A
  3
ACAD_MATERIAL
350
6A
  3
ACAD_MLEADERSTYLE
350
12D
  3
ACAD_MLINESTYLE
350
17
  3
ACAD_PLOTSETTINGS
350
19
  3
ACAD_PLOTSTYLENAME
350
E
  3
ACAD_SCALELIST
350
10C
  3
ACAD_SECTIONVIEWSTYLE
350
219
  3
ACAD_TABLESTYLE
350
7E
  3
ACAD_VISUALSTYLE
350
EF
  3
ACDB_RECOMPOSE_DATA
350
14E4
  3
AcDbVariableDictionary
350
5E
  3
HOST_DOC_SETTINGS
350
D38
  3
MCS_STREAM_DICT
350
D32
  3
Siberia
350
4BD
  3
spds.net.allocationrange
350
C6A
  3
spds.net.areamarker
350
C68
  3
spds.net.axisarcgridstyle
350
C4E
  3
spds.net.axislinegridstyle
350
C4D
  3
spds.net.axisstyle
350
C4C
  3
spds.net.basicinscription
350
C60
  3
spds.net.boundingform
350
C5E
  3
spds.net.break
350
C66
  3
spds.net.chainleader
350
C54
  3
spds.net.constructionmark
350
C51
  3
spds.net.crestedleader
350
C53
  3
spds.net.deadjoint
350
C65
  3
spds.net.dipkey
350
C59
  3
spds.net.endmarker
350
C6C
  3
spds.net.format
350
C5F
  3
spds.net.fragment
350
C67
  3
spds.net.holefilling
350
C5A
  3
spds.net.levelmark
350
C57
  3
spds.net.levelplanmark
350
C56
  3
spds.net.mtextstyle
350
C50
  3
spds.net.nodalleader
350
C52
  3
spds.net.nodalsecantleader
350
C55
  3
spds.net.nodemark
350
C58
  3
spds.net.posleadstyle
350
C4F
  3
spds.net.posmark
350
C69
  3
spds.net.revisionmark
350
C6B
  3
spds.net.section
350
C5B
  3
spds.net.technotes
350
C61
  3
spds.net.view
350
C5C
  3
spds.net.viewlable
350
C5D
  3
spds.net.weldassembly
350
C64
  3
spds.net.weldjoint
350
C62
  3
spds.net.weldleg
350
C63
  0
SUN
  5
D35
330
EA
100
AcDbSun
 90
        1
290
     0
 63
     7
421
 16777215
 40
1.0
291
     1
 91
  2455826
 92
 54000000
292
     0
 70
     0
 71
   256
280
     1
  0
DICTIONARY
  5
1FF
330
2
100
AcDbDictionary
280
     1
281
     1
  3
ACAD_LAYERSTATES
360
200
  0
DICTIONARY
  5
D36
330
1F
100
AcDbDictionary
280
     1
281
     1
  3
ACAD_SORTENTS
360
D37
  0
DICTIONARY
  5
124B
330
124A
100
AcDbDictionary
280
     1
281
     1
  0
DICTIONARY
  5
124D
330
124C
100
AcDbDictionary
280
     1
281
     1
  0
DICTIONARY
  5
124F
330
124E
100
AcDbDictionary
280
     1
281
     1
  0
DICTIONARY
  5
1251
330
1250
100
AcDbDictionary
280
     1
281
     1
  0
DICTIONARY
  5
1253
330
1252
100
AcDbDictionary
280
     1
281
     1
  0
DICTIONARY
  5
1255
330
1254
100
AcDbDictionary
280
     1
281
     1
  0
DICTIONARY
  5
1257
330
1256
100
AcDbDictionary
280
     1
281
     1
  0
DICTIONARY
  5
1259
330
1258
100
AcDbDictionary
280
     1
281
     1
  0
DICTIONARY
  5
1265
330
1264
100
AcDbDictionary
280
     1
281
     1
  0
DICTIONARY
  5
1267
330
1266
100
AcDbDictionary
280
     1
281
     1
  0
DICTIONARY
  5
1269
330
1268
100
AcDbDictionary
280
     1
281
     1
  0
DICTIONARY
  5
126B
330
126A
100
AcDbDictionary
280
     1
281
     1
  0
DICTIONARY
  5
126D
330
126C
100
AcDbDictionary
280
     1
281
     1
  0
DICTIONARY
  5
126F
330
126E
100
AcDbDictionary
280
     1
281
     1
  0
XRECORD
  5
216
102
{ACAD_REACTORS
330
C
102
}
330
C
100
AcDbXrecord
280
     1
300

300

300

  0
DICTIONARY
  5
6B
102
{ACAD_REACTORS
330
C
102
}
330
C
100
AcDbDictionary
281
     1
  0
DICTIONARY
  5
21B
102
{ACAD_REACTORS
330
C
102
}
330
C
100
AcDbDictionary
281
     1
  3
Metric50
350
21C
  0
DICTIONARY
  5
D
102
{ACAD_REACTORS
330
C
102
}
330
C
100
AcDbDictionary
281
     1
  0
DICTIONARY
  5
D3A
102
{ACAD_REACTORS
330
C
102
}
330
C
100
AcDbDictionary
281
     1
  0
XRECORD
  5
1368
102
{ACAD_REACTORS
330
C
102
}
330
C
100
AcDbXrecord
280
     1
300
{8C093009-FE44-F044-AD9C-B764785ABDBE}
301

302
{8C093009-FE44-F044-AD9C-B764785ABDBE}
303
C:\Users\starilenkov.vn\Desktop\4 ПРОЕКТЫ ВЕЗА\7. ПРОГА Х\Схемы dwg\im1-114.dwg
  0
DICTIONARY
  5
1A
102
{ACAD_REACTORS
330
C
102
}
330
C
100
AcDbDictionary
281
     1
  3
Model
350
22
  3
Лист1
350
D3
  3
Лист2
350
D7
  0
DICTIONARY
  5
6A
102
{ACAD_REACTORS
330
C
102
}
330
C
100
AcDbDictionary
281
     1
  3
ByBlock
350
ED
  3
ByLayer
350
EC
  3
Global
350
EE
  0
DICTIONARY
  5
12D
102
{ACAD_REACTORS
330
C
102
}
330
C
100
AcDbDictionary
281
     1
  3
Standard
350
12E
  3
Аннотативный
350
13B
  0
DICTIONARY
  5
17
102
{ACAD_REACTORS
330
C
102
}
330
C
100
AcDbDictionary
281
     1
  3
Standard
350
18
  0
DICTIONARY
  5
19
102
{ACAD_REACTORS
330
C
102
}
330
C
100
AcDbDictionary
281
     1
  0
ACDBDICTIONARYWDFLT
  5
E
102
{ACAD_REACTORS
330
C
102
}
330
C
100
AcDbDictionary
281
     1
  3
Normal
350
F
100
AcDbDictionaryWithDefault
340
F
  0
DICTIONARY
  5
10C
102
{ACAD_REACTORS
330
C
102
}
330
C
100
AcDbDictionary
281
     1
  3
A0
350
10D
  3
A1
350
1BE
  3
A2
350
1BF
  3
A3
350
1C0
  3
A4
350
1C1
  3
A5
350
1C2
  3
A6
350
1C3
  3
A7
350
1C4
  3
A8
350
1C5
  3
A9
350
1C6
  3
B0
350
1C7
  3
B1
350
1C8
  3
B2
350
1C9
  3
B3
350
1CA
  3
B4
350
1CB
  3
B5
350
1CC
  3
B6
350
1CD
  0
DICTIONARY
  5
219
102
{ACAD_REACTORS
330
C
102
}
330
C
100
AcDbDictionary
281
     1
  3
Metric50
350
21A
  0
DICTIONARY
  5
7E
102
{ACAD_REACTORS
330
C
102
}
330
C
100
AcDbDictionary
281
     1
  3
Standard
350
7F
  0
DICTIONARY
  5
EF
102
{ACAD_REACTORS
330
C
102
}
330
C
100
AcDbDictionary
281
     1
  3
2dWireframe
350
F5
  3
Basic
350
F4
  3
Brighten
350
FB
  3
ColorChange
350
FF
  3
Conceptual
350
F8
  3
Dim
350
FA
  3
EdgeColorOff
350
1E6
  3
Facepattern
350
FE
  3
Flat
350
F0
  3
FlatWithEdges
350
F1
  3
Gouraud
350
F2
  3
GouraudWithEdges
350
F3
  3
Hidden
350
F7
  3
JitterOff
350
1E4
  3
Linepattern
350
FD
  3
OverhangOff
350
1E5
  3
Realistic
350
F9
  3
Shaded
350
1F3
  3
Shaded with edges
350
1F2
  3
Shades of Gray
350
1EF
  3
Sketchy
350
1F0
  3
Thicken
350
FC
  3
Wireframe
350
F6
  3
X-Ray
350
1F1
  0
XRECORD
  5
14E4
102
{ACAD_REACTORS
330
C
102
}
330
C
100
AcDbXrecord
280
     1
 90
        1
330
7F
  0
DICTIONARY
  5
5E
102
{ACAD_REACTORS
330
C
102
}
330
C
100
AcDbDictionary
281
     1
  3
CANNOSCALE
350
146
  3
CENTEREXE
350
259
  3
CENTERLTYPEFILE
350
25A
  3
CMLEADERSTYLE
350
145
  3
CTABLESTYLE
350
84
  3
CVIEWDETAILSTYLE
350
227
  3
CVIEWSECTIONSTYLE
350
228
  3
DIMASSOC
350
5F
  3
HIDETEXT
350
63
  3
HPCOLOR
350
12DC
  3
HPTRANSPARENCY
350
12DB
  3
LAYEREVAL
350
1AE
  3
LAYERNOTIFY
350
1AF
  0
DICTIONARY
  5
D38
102
{ACAD_REACTORS
330
C
102
}
330
C
100
AcDbDictionary
281
     1
  3
NCDocParameters
350
D39
  0
DICTIONARY
  5
D32
102
{ACAD_REACTORS
330
C
102
}
330
C
100
AcDbDictionary
281
     1
  3
MC_VERSION_DATA
350
D3D
  3
MCS_DOCUMENT_ID
350
D33
  3
MCS_PARAMS_DATA
350
D3B
  0
DICTIONARY
  5
4BD
102
{ACAD_REACTORS
330
C
102
}
330
C
100
AcDbDictionary
280
     1
281
     1
  3
Styles
360
4BE
  0
XRECORD
  5
C6A
102
{ACAD_REACTORS
330
C
102
}
330
C
100
AcDbXrecord
280
     1
  1
tp35|id31|nmДиапазон распределений|ln*Текущий*|cm192|ci256|el4.5|pr0.75|as3|lc1|
  0
XRECORD
  5
C68
102
{ACAD_REACTORS
330
C
102
}
330
C
100
AcDbXrecord
280
     1
  1
tp29|id29|nmМаркер помещения|tsGOST-2.304_Type-B|ln*Текущий*|cm192|ci256|vo0.9|ho0.9|ds,|mr6|th3.5|sh2.5|as2|lc1|
  0
XRECORD
  5
C4E
102
{ACAD_REACTORS
330
C
102
}
330
C
100
AcDbXrecord
280
     1
  1
tp37|id3|nmМассив полярных осей|md3|ma0|do20|ds7|of5|as1|dt432|ln*Текущий*|cm192|ci256|lc1|
  0
XRECORD
  5
C4D
102
{ACAD_REACTORS
330
C
102
}
330
C
100
AcDbXrecord
280
     1
  1
tp36|id2|nmМассив координационных осей|md3|do20|ds7|of5|as1|dt432|ln*Текущий*|cm192|ci256|lc1|
  0
XRECORD
  5
C4C
102
{ACAD_REACTORS
330
C
102
}
330
C
100
AcDbXrecord
280
     1
  1
tp1|id1|nmОтдельная ось|o010|rd5|as3|th3.5|tsGOST-2.304_Type-B|ln*Текущий*|cm192|ci256|lc1|
  0
XRECORD
  5
C60
102
{ACAD_REACTORS
330
C
102
}
330
C
100
AcDbXrecord
280
     1
  1
tp20|id21|nmОсновная надпись|ln*Текущий*|cm192|ci256|lc1|
  0
XRECORD
  5
C5E
102
{ACAD_REACTORS
330
C
102
}
330
C
100
AcDbXrecord
280
     1
  1
tp18|id19|nmГраничные формы|ln*Текущий*|cm192|ci256|lc1|wg6|wl8|wt2|gh4|ga0|gs4.5|bh4|ba0|bs4.5|th10|tr0.2|ts1.5|dh10|ds5|
  0
XRECORD
  5
C66
102
{ACAD_REACTORS
330
C
102
}
330
C
100
AcDbXrecord
280
     1
  1
tp27|id27|nmОбрывы|ln*Текущий*|cm192|ci256|lc1|wa10|oh3|zl5|zh10|
  0
XRECORD
  5
C54
102
{ACAD_REACTORS
330
C
102
}
330
C
100
AcDbXrecord
280
     1
  1
tp8|id9|nmЦепная выноска|th3.5|tsGOST-2.304_Type-B|ln0|cm192|ci256|lc1|ov0.9|oh1.5|ta2|as3|at5
  0
XRECORD
  5
C51
102
{ACAD_REACTORS
330
C
102
}
330
C
100
AcDbXrecord
280
     1
  1
tp5|id6|nmМаркировка линейных конструкций|th3.5|tsGOST-2.304_Type-B|ln0|cm192|ci256|lc1|ov0.9|oh1.5
  0
XRECORD
  5
C53
102
{ACAD_REACTORS
330
C
102
}
330
C
100
AcDbXrecord
280
     1
  1
tp7|id8|nmГребенчатая выноска|th3.5|tsGOST-2.304_Type-B|ln0|cm192|ci256|lc1|ov0.9|oh1.5|ta2|as3|at5
  0
XRECORD
  5
C65
102
{ACAD_REACTORS
330
C
102
}
330
C
100
AcDbXrecord
280
     1
  1
tp26|id26|nmНеразъемное соединение|ln*Текущий*|cm192|ci256|lc1|tsGOST-2.304_Type-B|th3.5|ov0.9|oh1.5|sh2.5|bf0|bb0|gtГОСТ 5264-80|cw0|sz0|cc|mj0|jn1|smС|jc|cs|az3|at1|js|jz|wt|tr|rf|rb|
  0
XRECORD
  5
C59
102
{ACAD_REACTORS
330
C
102
}
330
C
100
AcDbXrecord
280
     1
  1
tp13|id14|nmОбозначение уклона|nrОбозначение уклона|th3.5|tsGOST-2.304_Type-B|ln0|cm192|ci256|lc1|ov0.9|oh1.5|as3|
  0
XRECORD
  5
C6C
102
{ACAD_REACTORS
330
C
102
}
330
C
100
AcDbXrecord
280
     1
  1
tp28|id33|nmКонечный маркер|ln*Текущий*|cm192|ci256|a13|a23|b13.5|b23.5|lc1|
  0
XRECORD
  5
C5F
102
{ACAD_REACTORS
330
C
102
}
330
C
100
AcDbXrecord
280
     1
  1
tp19|id20|nmФормат|ln*Текущий*|cm192|ci256|lc1|ol15|il60|cb|mt1|ss0|fv4|or1|
  0
XRECORD
  5
C67
102
{ACAD_REACTORS
330
C
102
}
330
C
100
AcDbXrecord
280
     1
  1
tp30|id28|nmОбозначение фрагмента|th3.5|tsGOST-2.304_Type-B|ln0|cm192|ci256|lc1|ov0.9|oh1.5|ml4|rd5|
  0
XRECORD
  5
C5A
102
{ACAD_REACTORS
330
C
102
}
330
C
100
AcDbXrecord
280
     1
  1
tp14|id15|nmЗаливка отверстий|ln0|cm192|ci256|lc1|oa2|tr10
  0
XRECORD
  5
C57
102
{ACAD_REACTORS
330
C
102
}
330
C
100
AcDbXrecord
280
     1
  1
tp10|id12|nmОтметка уровеня|th3.5|tsGOST-2.304_Type-B|ln0|cm192|ci256|lc1|ov0.9|oh0.9|be1.5|le1.5|at3|sh2.5|sp0|pr3
  0
XRECORD
  5
C56
102
{ACAD_REACTORS
330
C
102
}
330
C
100
AcDbXrecord
280
     1
  1
tp11|id11|nmОтметка уровеня на плане|th3.5|tsGOST-2.304_Type-B|ln0|cm192|ci256|lc1|ob0.9|mr0.75|sp0
  0
XRECORD
  5
C50
102
{ACAD_REACTORS
330
C
102
}
330
C
100
AcDbXrecord
280
     1
  1
tp4|id5|nmВыноска для многослойных конструкций|th3.5|tsGOST-2.304_Type-B|ln0|cm192|ci256|lc1|ov0.9|oh1.5|ta2|as3|at5
  0
XRECORD
  5
C52
102
{ACAD_REACTORS
330
C
102
}
330
C
100
AcDbXrecord
280
     1
  1
tp6|id7|nmУзловая выноска|nrУзловая выноска|th3.5|tsGOST-2.304_Type-B|ln0|cm192|ci256|lc1|ov0.9|oh1.5|on1|ta2|st2
  0
XRECORD
  5
C55
102
{ACAD_REACTORS
330
C
102
}
330
C
100
AcDbXrecord
280
     1
  1
tp9|id10|nmУзловая секущая выноска|th3.5|tsGOST-2.304_Type-B|ln0|cm192|ci256|lc1|ov0.9|oh1.5|ho3|hl10|on1|ot5|ht1|ta2|st2
  0
XRECORD
  5
C58
102
{ACAD_REACTORS
330
C
102
}
330
C
100
AcDbXrecord
280
     1
  1
tp12|id13|nmОбозначение узла|th3.5|tsGOST-2.304_Type-B|ln0|cm192|ci256|lc1|sh2.5|
  0
XRECORD
  5
C4F
102
{ACAD_REACTORS
330
C
102
}
330
C
100
AcDbXrecord
280
     1
  1
tp3|id4|nmПозиционная выноска|th3.5|t23.5|tsGOST-2.304_Type-B|ln0|cm192|ci256|lc1|ov0.9|oh1.5|ta2|as3|at5
  0
XRECORD
  5
C69
102
{ACAD_REACTORS
330
C
102
}
330
C
100
AcDbXrecord
280
     1
  1
tp32|id30|nmПозиционный маркер|ln*Текущий*|cm192|ci256|ms12|th3.5|tsGOST-2.304_Type-B|lc1|
  0
XRECORD
  5
C6B
102
{ACAD_REACTORS
330
C
102
}
330
C
100
AcDbXrecord
280
     1
  1
tp31|id32|nmМаркер изменения|tsGOST-2.304_Type-B|ln*Текущий*|cm192|ci256|vo0.9|ho1.5|th3.5|sh2.5|lc1|
  0
XRECORD
  5
C5B
102
{ACAD_REACTORS
330
C
102
}
330
C
100
AcDbXrecord
280
     1
  1
tp15|id16|nmСечение/Разрез|th3.5|tsGOST-2.304_Type-B|ln*Текущий*|ci256|cm192|lc1|oh0.9|ov1.5|m110|m28|al10|ao2|tn0.5|ta1|sh2.5|as5|at5|
  0
XRECORD
  5
C61
102
{ACAD_REACTORS
330
C
102
}
330
C
100
AcDbXrecord
280
     1
  1
tp22|id22|nmТехнические надписи|ln*Текущий*|cm192|ci256|lc1|th3.5|tsGOST-2.304_Type-B|
  0
XRECORD
  5
C5C
102
{ACAD_REACTORS
330
C
102
}
330
C
100
AcDbXrecord
280
     1
  1
tp16|id17|nmВид|th3.5|sh2.5|tsGOST-2.304_Type-B|ln*Текущий*|cm192|ci256|lc1|ov0.9|oh1.5|al10|as5|at5
  0
XRECORD
  5
C5D
102
{ACAD_REACTORS
330
C
102
}
330
C
100
AcDbXrecord
280
     1
  1
tp17|id18|nmОбозначение вида|th3.5|tsGOST-2.304_Type-B|ln*Текущий*|cm192|ci256|lc1|ov0.9|oh1.5|ta1|sh2.5|
  0
XRECORD
  5
C64
102
{ACAD_REACTORS
330
C
102
}
330
C
100
AcDbXrecord
280
     1
  1
tp25|id25|nmСварное соединение|ln*Текущий*|cm192|ci256|lc1|
  0
XRECORD
  5
C62
102
{ACAD_REACTORS
330
C
102
}
330
C
100
AcDbXrecord
280
     1
  1
tp23|id23|nmСварной шов|ln*Текущий*|cm192|ci256|lc1|hc2|hr2|gl3|sl4|bs9|as5|sd3|hb2|hg2|wt0|sc4.5|sr2|ss2.5|
  0
XRECORD
  5
C63
102
{ACAD_REACTORS
330
C
102
}
330
C
100
AcDbXrecord
280
     1
  1
tp24|id24|nmСварной катет|ln*Текущий*|cm192|ci256|lc1|cl5|
  0
DICTIONARY
  5
200
102
{ACAD_REACTORS
330
1FF
102
}
330
1FF
100
AcDbDictionary
281
     1
  0
SORTENTSTABLE
  5
D37
102
{ACAD_REACTORS
330
D36
102
}
330
D36
100
AcDbSortentsTable
330
1F
331
12A8
  5
12A9
331
12A9
  5
12AE
331
12AE
  5
12AF
331
12AF
  5
12BA
331
12BA
  5
12C0
331
12BE
  5
12C5
331
12BF
  5
12C6
331
12C0
  5
12C7
331
12C3
  5
12C8
331
12C4
  5
12C9
331
12C5
  5
12CA
331
12C6
  5
12CB
331
12C7
  5
12CC
331
12C8
  5
12CD
331
12C9
  5
12CE
331
12CA
  5
12CF
331
12CB
  5
12D0
331
12CC
  5
12D1
331
12CE
  5
12D3
331
12CF
  5
12D4
331
12D0
  5
12D5
331
12D1
  5
12D6
331
12D2
  5
12D7
331
12D3
  5
12D8
331
12D4
  5
12D9
331
12D5
  5
12EE
331
12F5
  5
12F7
331
12F7
  5
12F9
331
12FB
  5
1301
331
12FD
  5
1303
331
12FF
  5
1305
331
1301
  5
1307
331
1303
  5
1309
331
1305
  5
130B
331
1307
  5
130D
331
1309
  5
130F
331
130B
  5
1311
331
130D
  5
1313
331
130F
  5
1315
331
1311
  5
1317
331
1313
  5
1319
331
1315
  5
131B
331
1317
  5
131C
331
1319
  5
131D
  0
ACDBDETAILVIEWSTYLE
  5
21C
102
{ACAD_REACTORS
330
21B
102
}
330
21B
100
AcDbModelDocViewStyle
 70
     0
  3
Metric50
290
     0
300
Metric50
 90
        0
100
AcDbDetailViewStyle
 70
     0
 71
     0
 90
        3
 71
     1
340
11
 62
   256
 40
5.0
340
0
 62
   256
 40
5.0
300

 40
0.0
280
     1
 71
     2
340
16
 90
       25
 62
   256
 71
     3
340
11
 62
   256
 40
5.0
 90
        0
 40
15.0
 90
        1
300
%<\AcVar ViewDetailId>% (%<\AcVar ViewScale \f "%sn">%)
 71
     4
340
16
 90
       25
 62
   256
340
16
 90
       25
 62
   256
280
     0
  0
LAYOUT
  5
22
102
{ACAD_XDICTIONARY
360
205
102
}
102
{ACAD_REACTORS
330
1A
102
}
330
1A
100
AcDbPlotSettings
  1

  2
none_device
  4
ISO_A4_(210.00_x_297.00_MM)
  6

 40
7.5
 41
20.0
 42
7.5
 43
20.0
 44
210.0
 45
297.0
 46
11.54999923706054
 47
-13.65000009536743
 48
0.0
 49
0.0
140
0.0
141
0.0
142
1.0
143
8.704084754739808
 70
 11952
 72
     1
 73
     0
 74
     0
  7

 75
     0
147
0.1148885871608098
 76
     0
 77
     2
 78
   300
148
0.0
149
0.0
100
AcDbLayout
  1
Model
 70
     1
 71
     0
 10
0.0
 20
0.0
 11
12.0
 21
9.0
 12
0.0
 22
0.0
 32
0.0
 14
0.0
 24
0.0
 34
0.0
 15
0.0
 25
0.0
 35
0.0
146
0.0
 13
0.0
 23
0.0
 33
0.0
 16
1.0
 26
0.0
 36
0.0
 17
0.0
 27
1.0
 37
0.0
 76
     0
330
1F
331
EA
1001
ACAD_PSEXT
1000
None
1000
None
1000
Not applicable
1000
The layout will not be plotted unless a new plotter configuration name is selected.
1070
     0
  0
LAYOUT
  5
D3
102
{ACAD_REACTORS
330
1A
102
}
330
1A
100
AcDbPlotSettings
  1

  2
C:\Documents and Settings\basas\Application Data\Autodesk\AutoCAD 2005\R16.1\enu\plotters\Default Windows System Printer.pc3
  4

  6

 40
0.0
 41
0.0
 42
0.0
 43
0.0
 44
0.0
 45
0.0
 46
0.0
 47
0.0
 48
0.0
 49
0.0
140
0.0
141
0.0
142
1.0
143
1.0
 70
   688
 72
     0
 73
     0
 74
     5
  7

 75
    16
147
1.0
 76
     0
 77
     2
 78
   300
148
0.0
149
0.0
100
AcDbLayout
  1
Лист1
 70
     0
 71
     1
 10
0.0
 20
0.0
 11
12.0
 21
9.0
 12
0.0
 22
0.0
 32
0.0
 14
0.0
 24
0.0
 34
0.0
 15
0.0
 25
0.0
 35
0.0
146
0.0
 13
0.0
 23
0.0
 33
0.0
 16
1.0
 26
0.0
 36
0.0
 17
0.0
 27
1.0
 37
0.0
 76
     0
330
D2
  0
LAYOUT
  5
D7
102
{ACAD_REACTORS
330
1A
102
}
330
1A
100
AcDbPlotSettings
  1

  2
C:\Documents and Settings\basas\Application Data\Autodesk\AutoCAD 2005\R16.1\enu\plotters\Default Windows System Printer.pc3
  4

  6

 40
0.0
 41
0.0
 42
0.0
 43
0.0
 44
0.0
 45
0.0
 46
0.0
 47
0.0
 48
0.0
 49
0.0
140
0.0
141
0.0
142
1.0
143
1.0
 70
   688
 72
     0
 73
     0
 74
     5
  7

 75
    16
147
1.0
 76
     0
 77
     2
 78
   300
148
0.0
149
0.0
100
AcDbLayout
  1
Лист2
 70
     1
 71
     2
 10
0.0
 20
0.0
 11
12.0
 21
9.0
 12
0.0
 22
0.0
 32
0.0
 14
0.0
 24
0.0
 34
0.0
 15
0.0
 25
0.0
 35
0.0
146
0.0
 13
0.0
 23
0.0
 33
0.0
 16
1.0
 26
0.0
 36
0.0
 17
0.0
 27
1.0
 37
0.0
 76
     0
330
D6
  0
MATERIAL
  5
ED
102
{ACAD_XDICTIONARY
360
1F9
102
}
102
{ACAD_REACTORS
330
6A
102
}
330
6A
100
AcDbMaterial
  1
ByBlock
 94
       63
  0
MATERIAL
  5
EC
102
{ACAD_XDICTIONARY
360
1F7
102
}
102
{ACAD_REACTORS
330
6A
102
}
330
6A
100
AcDbMaterial
  1
ByLayer
 94
       63
  0
MATERIAL
  5
EE
102
{ACAD_XDICTIONARY
360
173
102
}
102
{ACAD_REACTORS
330
6A
102
}
330
6A
100
AcDbMaterial
  1
Global
 43
0.0007999999797903
 43
0.0
 43
0.0
 43
0.0
 43
0.0
 43
0.0007999999797903
 43
0.0
 43
0.0
 43
0.0
 43
0.0
 43
1.0
 43
0.0
 43
0.0
 43
0.0
 43
0.0
 43
1.0
 49
0.0007999999797903
 49
0.0
 49
0.0
 49
0.0
 49
0.0
 49
0.0007999999797903
 49
0.0
 49
0.0
 49
0.0
 49
0.0
 49
1.0
 49
0.0
 49
0.0
 49
0.0
 49
0.0
 49
1.0
142
0.0007999999797903
142
0.0
142
0.0
142
0.0
142
0.0
142
0.0007999999797903
142
0.0
142
0.0
142
0.0
142
0.0
142
1.0
142
0.0
142
0.0
142
0.0
142
0.0
142
1.0
144
0.0007999999797903
144
0.0
144
0.0
144
0.0
144
0.0
144
0.0007999999797903
144
0.0
144
0.0
144
0.0
144
0.0
144
1.0
144
0.0
144
0.0
144
0.0
144
0.0
144
1.0
 94
       63
1001
ACAD
1070
    -1
1070
     3
1070
     0
1000

1071
        0
1070
     0
  0
MLEADERSTYLE
  5
12E
102
{ACAD_REACTORS
330
12D
102
}
330
12D
100
AcDbMLeaderStyle
179
     2
170
     2
171
     1
172
     0
 90
        2
 40
0.0
 41
0.0
173
     1
 91
-1056964608
340
14
 92
       -2
290
     1
 42
2.0
291
     1
 43
8.0
  3
Standard
 44
4.0
300

342
11
174
     1
178
     1
175
     1
176
     0
 93
-1056964608
 45
4.0
292
     0
297
     0
 46
4.0
 94
-1056964608
 47
1.0
 49
1.0
140
1.0
293
     1
141
0.0
294
     1
177
     0
142
1.0
295
     0
296
     0
143
3.75
271
     0
272
     9
273
     9
298
     0
  0
MLEADERSTYLE
  5
13B
102
{ACAD_REACTORS
330
12D
102
}
330
12D
100
AcDbMLeaderStyle
179
     2
170
     2
171
     1
172
     0
 90
        2
 40
0.0
 41
0.0
173
     1
 91
-1056964608
340
14
 92
       -2
290
     1
 42
2.0
291
     1
 43
8.0
  3
Standard
 44
4.0
300

342
11
174
     1
178
     1
175
     1
176
     0
 93
-1056964608
 45
4.0
292
     0
297
     0
 46
4.0
 94
-1056964608
 47
1.0
 49
1.0
140
1.0
293
     1
141
0.0
294
     1
177
     0
142
1.0
295
     0
296
     1
143
3.75
271
     0
272
     9
273
     9
298
     0
  0
MLINESTYLE
  5
18
102
{ACAD_REACTORS
330
17
102
}
330
17
100
AcDbMlineStyle
  2
STANDARD
 70
     0
  3

 62
   256
 51
90.0
 52
90.0
 71
     2
 49
0.5
 62
   256
  6
BYLAYER
 49
-0.5
 62
   256
  6
BYLAYER
  0
ACDBPLACEHOLDER
  5
F
102
{ACAD_REACTORS
330
E
102
}
330
E
  0
SCALE
  5
10D
102
{ACAD_REACTORS
330
10C
102
}
330
10C
100
AcDbScale
 70
     0
300
1:1
140
1.0
141
1.0
290
     1
  0
SCALE
  5
1BE
102
{ACAD_REACTORS
330
10C
102
}
330
10C
100
AcDbScale
 70
     0
300
1:2
140
1.0
141
2.0
290
     0
  0
SCALE
  5
1BF
102
{ACAD_REACTORS
330
10C
102
}
330
10C
100
AcDbScale
 70
     0
300
1:4
140
1.0
141
4.0
290
     0
  0
SCALE
  5
1C0
102
{ACAD_REACTORS
330
10C
102
}
330
10C
100
AcDbScale
 70
     0
300
1:5
140
1.0
141
5.0
290
     0
  0
SCALE
  5
1C1
102
{ACAD_REACTORS
330
10C
102
}
330
10C
100
AcDbScale
 70
     0
300
1:8
140
1.0
141
8.0
290
     0
  0
SCALE
  5
1C2
102
{ACAD_REACTORS
330
10C
102
}
330
10C
100
AcDbScale
 70
     0
300
1:10
140
1.0
141
10.0
290
     0
  0
SCALE
  5
1C3
102
{ACAD_REACTORS
330
10C
102
}
330
10C
100
AcDbScale
 70
     0
300
1:16
140
1.0
141
16.0
290
     0
  0
SCALE
  5
1C4
102
{ACAD_REACTORS
330
10C
102
}
330
10C
100
AcDbScale
 70
     0
300
1:20
140
1.0
141
20.0
290
     0
  0
SCALE
  5
1C5
102
{ACAD_REACTORS
330
10C
102
}
330
10C
100
AcDbScale
 70
     0
300
1:30
140
1.0
141
30.0
290
     0
  0
SCALE
  5
1C6
102
{ACAD_REACTORS
330
10C
102
}
330
10C
100
AcDbScale
 70
     0
300
1:40
140
1.0
141
40.0
290
     0
  0
SCALE
  5
1C7
102
{ACAD_REACTORS
330
10C
102
}
330
10C
100
AcDbScale
 70
     0
300
1:50
140
1.0
141
50.0
290
     0
  0
SCALE
  5
1C8
102
{ACAD_REACTORS
330
10C
102
}
330
10C
100
AcDbScale
 70
     0
300
1:100
140
1.0
141
100.0
290
     0
  0
SCALE
  5
1C9
102
{ACAD_REACTORS
330
10C
102
}
330
10C
100
AcDbScale
 70
     0
300
2:1
140
2.0
141
1.0
290
     0
  0
SCALE
  5
1CA
102
{ACAD_REACTORS
330
10C
102
}
330
10C
100
AcDbScale
 70
     0
300
4:1
140
4.0
141
1.0
290
     0
  0
SCALE
  5
1CB
102
{ACAD_REACTORS
330
10C
102
}
330
10C
100
AcDbScale
 70
     0
300
8:1
140
8.0
141
1.0
290
     0
  0
SCALE
  5
1CC
102
{ACAD_REACTORS
330
10C
102
}
330
10C
100
AcDbScale
 70
     0
300
10:1
140
10.0
141
1.0
290
     0
  0
SCALE
  5
1CD
102
{ACAD_REACTORS
330
10C
102
}
330
10C
100
AcDbScale
 70
     0
300
100:1
140
100.0
141
1.0
290
     0
  0
ACDBSECTIONVIEWSTYLE
  5
21A
102
{ACAD_REACTORS
330
219
102
}
330
219
100
AcDbModelDocViewStyle
 70
     0
  3
Metric50
290
     0
300
Metric50
 90
        0
100
AcDbSectionViewStyle
 70
     0
 71
     0
 90
      102
 71
     1
340
11
 62
   256
 40
5.0
340
0
340
0
 62
   256
 40
5.0
300
I, O, Q, S, X, Z
 40
10.0
 90
        0
 40
2.5
 90
        0
 71
     2
340
16
 90
       25
 62
   256
340
16
 90
       50
 62
   256
 40
5.0
 40
2.5
 40
5.0
 71
     3
340
11
 62
   256
 40
5.0
 90
        0
 40
15.0
 90
        1
300
%<\AcVar ViewSectionStartId>%-%<\AcVar ViewSectionEndId>% (%<\AcVar ViewScale \f "%sn">%)
 71
     4
 62
   256
 62
   257
300
ANSI31
 40
1.0
 90
        0
290
     0
290
     0
 90
        6
 40
0.0
 40
1.570796326794896
 40
0.2617993877991494
 40
1.308996938995747
 40
-0.2617993877991494
 40
1.832595714594046
  0
TABLESTYLE
  5
7F
102
{ACAD_XDICTIONARY
360
11E4
102
}
102
{ACAD_REACTORS
330
7E
102
}
330
7E
100
AcDbTableStyle
280
     0
  3
Standard
 70
     0
 71
     0
 40
1.5
 41
1.5
280
     0
281
     0
  7
Standard
140
4.5
170
     2
 62
     0
 63
     7
283
     0
 90
      512
 91
        0
  1

274
    -2
284
     1
 64
     0
275
    -2
285
     1
 65
     0
276
    -2
286
     1
 66
     0
277
    -2
287
     1
 67
     0
278
    -2
288
     1
 68
     0
279
    -2
289
     1
 69
     0
  7
Standard
140
6.0
170
     5
 62
     0
 63
     7
283
     0
 90
      512
 91
        0
  1

274
    -2
284
     1
 64
     0
275
    -2
285
     1
 65
     0
276
    -2
286
     1
 66
     0
277
    -2
287
     1
 67
     0
278
    -2
288
     1
 68
     0
279
    -2
289
     1
 69
     0
  7
Standard
140
4.5
170
     5
 62
     0
 63
     7
283
     0
 90
      512
 91
        0
  1

274
    -2
284
     1
 64
     0
275
    -2
285
     1
 65
     0
276
    -2
286
     1
 66
     0
277
    -2
287
     1
 67
     0
278
    -2
288
     1
 68
     0
279
    -2
289
     1
 69
     0
  0
VISUALSTYLE
  5
F5
102
{ACAD_REACTORS
330
EF
102
}
330
EF
100
AcDbVisualStyle
  2
2dWireframe
 70
     4
177
     3
291
     0
 70
    58
 90
        0
176
     1
 90
        2
176
     1
 90
        1
176
     1
 90
        0
176
     1
 40
0.6
176
     1
 40
30.0
176
     1
 62
     7
420
 16777215
176
     1
 90
        1
176
     1
 90
        4
176
     1
 62
     7
176
     1
 62
   257
176
     1
 90
        1
176
     1
 90
        1
176
     1
 40
1.0
176
     1
 90
        0
176
     1
 62
   257
176
     1
 40
1.0
176
     1
 90
        1
176
     1
 90
        6
176
     1
 90
        2
176
     1
 62
     7
176
     1
 90
        5
176
     1
 90
        0
176
     1
 90
        0
176
     1
290
     0
176
     1
 90
        1
176
     1
 40
0.0
176
     1
 90
        0
176
     1
290
     1
176
     1
290
     1
176
     1
290
     0
176
     1
290
     0
176
     1
290
     0
176
     1
290
     0
176
     1
290
     0
176
     1
290
     0
176
     1
290
     0
176
     1
 90
       50
176
     1
 40
0.0
176
     1
 40
1.0
176
     1
 90
        0
176
     1
 62
    18
420
        0
176
     1
 90
       50
176
     1
 90
        3
176
     1
 62
     5
420
      255
176
     1
290
     0
176
     1
 90
       50
176
     1
 90
       50
176
     1
 90
       50
176
     1
290
     0
176
     1
 90
       50
176
     1
 62
   256
176
     0
 40
1.0
176
     0
 90
        2
176
     1
  1
strokes_ogs.tif
176
     1
290
     0
176
     1
 40
1.0
176
     1
 40
1.0
176
     1
  0
VISUALSTYLE
  5
F4
102
{ACAD_REACTORS
330
EF
102
}
330
EF
100
AcDbVisualStyle
  2
Basic
 70
     7
177
     3
291
     1
 70
    58
 90
        1
176
     1
 90
        0
176
     1
 90
        1
176
     1
 90
        0
176
     1
 40
0.6
176
     1
 40
30.0
176
     1
 62
     7
420
 16777215
176
     1
 90
        0
176
     1
 90
        4
176
     1
 62
     7
176
     1
 62
   257
176
     1
 90
        1
176
     1
 90
        1
176
     1
 40
1.0
176
     1
 90
        8
176
     1
 62
     7
176
     1
 40
1.0
176
     1
 90
        1
176
     1
 90
        6
176
     1
 90
        2
176
     1
 62
     7
176
     1
 90
        5
176
     1
 90
        0
176
     1
 90
        0
176
     1
290
     0
176
     1
 90
        1
176
     1
 40
0.0
176
     1
 90
        0
176
     1
290
     0
176
     1
290
     1
176
     1
290
     1
176
     1
290
     0
176
     1
290
     0
176
     1
290
     0
176
     1
290
     0
176
     1
290
     0
176
     1
290
     0
176
     1
 90
       50
176
     1
 40
0.0
176
     1
 40
1.0
176
     1
 90
        0
176
     1
 62
    18
420
        0
176
     1
 90
       50
176
     1
 90
        3
176
     1
 62
     5
420
      255
176
     1
290
     0
176
     1
 90
       50
176
     1
 90
       50
176
     1
 90
       50
176
     1
290
     0
176
     1
 90
       50
176
     1
 62
   256
176
     0
 40
1.0
176
     0
 90
        2
176
     1
  1
strokes_ogs.tif
176
     1
290
     0
176
     1
 40
1.0
176
     1
 40
1.0
176
     1
  0
VISUALSTYLE
  5
FB
102
{ACAD_REACTORS
330
EF
102
}
330
EF
100
AcDbVisualStyle
  2
Brighten
 70
    12
177
     3
291
     1
 70
    58
 90
        2
176
     1
 90
        2
176
     1
 90
        1
176
     1
 90
        0
176
     1
 40
0.6
176
     1
 40
30.0
176
     1
 62
     7
420
 16777215
176
     1
 90
        1
176
     1
 90
        4
176
     1
 62
     7
176
     1
 62
   257
176
     1
 90
        1
176
     1
 90
        1
176
     1
 40
1.0
176
     1
 90
        8
176
     1
 62
     7
176
     1
 40
1.0
176
     1
 90
        1
176
     1
 90
        6
176
     1
 90
        2
176
     1
 62
     7
176
     1
 90
        5
176
     1
 90
        0
176
     1
 90
        0
176
     1
290
     0
176
     1
 90
        1
176
     1
 40
50.0
176
     1
 90
        0
176
     1
290
     0
176
     1
290
     1
176
     1
290
     1
176
     1
290
     0
176
     1
290
     0
176
     1
290
     0
176
     1
290
     0
176
     1
290
     0
176
     1
290
     0
176
     1
 90
       50
176
     1
 40
0.0
176
     1
 40
1.0
176
     1
 90
        0
176
     1
 62
    18
420
        0
176
     1
 90
       50
176
     1
 90
        3
176
     1
 62
     5
420
      255
176
     1
290
     0
176
     1
 90
       50
176
     1
 90
       50
176
     1
 90
       50
176
     1
290
     0
176
     1
 90
       50
176
     1
 62
   256
176
     0
 40
1.0
176
     0
 90
        2
176
     1
  1
strokes_ogs.tif
176
     1
290
     0
176
     1
 40
1.0
176
     1
 40
1.0
176
     1
  0
VISUALSTYLE
  5
FF
102
{ACAD_REACTORS
330
EF
102
}
330
EF
100
AcDbVisualStyle
  2
ColorChange
 70
    16
177
     3
291
     1
 70
    58
 90
        2
176
     1
 90
        2
176
     1
 90
        3
176
     1
 90
        0
176
     1
 40
0.6
176
     1
 40
30.0
176
     1
 62
     8
420
  8421504
176
     1
 90
        1
176
     1
 90
        4
176
     1
 62
     7
176
     1
 62
   257
176
     1
 90
        1
176
     1
 90
        1
176
     1
 40
1.0
176
     1
 90
        8
176
     1
 62
     8
420
  8421504
176
     1
 40
1.0
176
     1
 90
        1
176
     1
 90
        6
176
     1
 90
        2
176
     1
 62
     7
176
     1
 90
        5
176
     1
 90
        0
176
     1
 90
        0
176
     1
290
     0
176
     1
 90
        1
176
     1
 40
0.0
176
     1
 90
        0
176
     1
290
     0
176
     1
290
     1
176
     1
290
     1
176
     1
290
     0
176
     1
290
     0
176
     1
290
     0
176
     1
290
     0
176
     1
290
     0
176
     1
290
     0
176
     1
 90
       50
176
     1
 40
0.0
176
     1
 40
1.0
176
     1
 90
        0
176
     1
 62
    18
420
        0
176
     1
 90
       50
176
     1
 90
        3
176
     1
 62
     5
420
      255
176
     1
290
     0
176
     1
 90
       50
176
     1
 90
       50
176
     1
 90
       50
176
     1
290
     0
176
     1
 90
       50
176
     1
 62
   256
176
     0
 40
1.0
176
     0
 90
        2
176
     1
  1
strokes_ogs.tif
176
     1
290
     0
176
     1
 40
1.0
176
     1
 40
1.0
176
     1
  0
VISUALSTYLE
  5
F8
102
{ACAD_REACTORS
330
EF
102
}
330
EF
100
AcDbVisualStyle
  2
Conceptual
 70
     9
177
     3
291
     0
 70
    58
 90
        3
176
     1
 90
        2
176
     1
 90
        1
176
     1
 90
        0
176
     1
 40
0.6
176
     1
 40
30.0
176
     1
 62
     7
420
 16777215
176
     1
 90
        2
176
     1
 90
        2
176
     1
 62
     7
176
     1
 62
   257
176
     1
 90
        1
176
     1
 90
        1
176
     1
 40
40.0
176
     1
 90
        8
176
     1
 62
     7
176
     1
 40
1.0
176
     1
 90
        1
176
     1
 90
        6
176
     1
 90
        2
176
     1
 62
     7
176
     1
 90
        3
176
     1
 90
        0
176
     1
 90
        0
176
     1
290
     0
176
     1
 90
        1
176
     1
 40
0.0
176
     1
 90
        0
176
     1
290
     0
176
     1
290
     1
176
     1
290
     1
176
     1
290
     0
176
     1
290
     0
176
     1
290
     0
176
     1
290
     0
176
     1
290
     0
176
     1
290
     0
176
     1
 90
       50
176
     1
 40
0.0
176
     1
 40
1.0
176
     1
 90
        0
176
     1
 62
    18
420
        0
176
     1
 90
       50
176
     1
 90
        3
176
     1
 62
     5
420
      255
176
     1
290
     0
176
     1
 90
       50
176
     1
 90
       50
176
     1
 90
       50
176
     1
290
     0
176
     1
 90
       50
176
     1
 62
   256
176
     0
 40
1.0
176
     0
 90
        2
176
     1
  1
strokes_ogs.tif
176
     1
290
     0
176
     1
 40
1.0
176
     1
 40
1.0
176
     1
  0
VISUALSTYLE
  5
FA
102
{ACAD_REACTORS
330
EF
102
}
330
EF
100
AcDbVisualStyle
  2
Dim
 70
    11
177
     3
291
     1
 70
    58
 90
        2
176
     1
 90
        2
176
     1
 90
        1
176
     1
 90
        0
176
     1
 40
0.6
176
     1
 40
30.0
176
     1
 62
     7
420
 16777215
176
     1
 90
        1
176
     1
 90
        4
176
     1
 62
     7
176
     1
 62
   257
176
     1
 90
        1
176
     1
 90
        1
176
     1
 40
1.0
176
     1
 90
        8
176
     1
 62
     7
176
     1
 40
1.0
176
     1
 90
        1
176
     1
 90
        6
176
     1
 90
        2
176
     1
 62
     7
176
     1
 90
        5
176
     1
 90
        0
176
     1
 90
        0
176
     1
290
     0
176
     1
 90
        1
176
     1
 40
-50.0
176
     1
 90
        0
176
     1
290
     0
176
     1
290
     1
176
     1
290
     1
176
     1
290
     0
176
     1
290
     0
176
     1
290
     0
176
     1
290
     0
176
     1
290
     0
176
     1
290
     0
176
     1
 90
       50
176
     1
 40
0.0
176
     1
 40
1.0
176
     1
 90
        0
176
     1
 62
    18
420
        0
176
     1
 90
       50
176
     1
 90
        3
176
     1
 62
     5
420
      255
176
     1
290
     0
176
     1
 90
       50
176
     1
 90
       50
176
     1
 90
       50
176
     1
290
     0
176
     1
 90
       50
176
     1
 62
   256
176
     0
 40
1.0
176
     0
 90
        2
176
     1
  1
strokes_ogs.tif
176
     1
290
     0
176
     1
 40
1.0
176
     1
 40
1.0
176
     1
  0
VISUALSTYLE
  5
1E6
102
{ACAD_REACTORS
330
EF
102
}
330
EF
100
AcDbVisualStyle
  2
EdgeColorOff
 70
    22
177
     3
291
     1
 70
    58
 90
        2
176
     0
 90
        2
176
     0
 90
        0
176
     0
 90
        0
176
     0
 40
0.6
176
     0
 40
30.0
176
     0
 62
     7
420
 16777215
176
     0
 90
        1
176
     0
 90
        4
176
     0
 62
     7
176
     0
 62
   257
176
     0
 90
        1
176
     0
 90
        1
176
     0
 40
1.0
176
     0
 90
        8
176
     2
 62
     7
176
     0
 40
1.0
176
     0
 90
        1
176
     0
 90
        6
176
     0
 90
        2
176
     0
 62
     7
176
     0
 90
        5
176
     0
 90
        0
176
     0
 90
        0
176
     0
290
     0
176
     0
 90
        1
176
     0
 40
0.0
176
     0
 90
        0
176
     0
290
     0
176
     1
290
     1
176
     1
290
     1
176
     1
290
     0
176
     1
290
     0
176
     1
290
     0
176
     1
290
     0
176
     1
290
     0
176
     1
290
     0
176
     1
 90
       50
176
     1
 40
0.0
176
     1
 40
1.0
176
     1
 90
        0
176
     1
 62
    18
420
        0
176
     1
 90
       50
176
     1
 90
        3
176
     1
 62
     5
420
      255
176
     1
290
     0
176
     1
 90
       50
176
     1
 90
       50
176
     1
 90
       50
176
     1
290
     0
176
     1
 90
       50
176
     1
 62
   256
176
     0
 40
1.0
176
     0
 90
        2
176
     1
  1
strokes_ogs.tif
176
     1
290
     0
176
     1
 40
1.0
176
     1
 40
1.0
176
     1
  0
VISUALSTYLE
  5
FE
102
{ACAD_REACTORS
330
EF
102
}
330
EF
100
AcDbVisualStyle
  2
Facepattern
 70
    15
177
     3
291
     1
 70
    58
 90
        2
176
     1
 90
        2
176
     1
 90
        1
176
     1
 90
        0
176
     1
 40
0.6
176
     1
 40
30.0
176
     1
 62
     7
420
 16777215
176
     1
 90
        1
176
     1
 90
        4
176
     1
 62
     7
176
     1
 62
   257
176
     1
 90
        1
176
     1
 90
        1
176
     1
 40
1.0
176
     1
 90
        8
176
     1
 62
     7
176
     1
 40
1.0
176
     1
 90
        1
176
     1
 90
        6
176
     1
 90
        2
176
     1
 62
     7
176
     1
 90
        5
176
     1
 90
        0
176
     1
 90
        0
176
     1
290
     0
176
     1
 90
        1
176
     1
 40
0.0
176
     1
 90
        0
176
     1
290
     0
176
     1
290
     1
176
     1
290
     1
176
     1
290
     0
176
     1
290
     0
176
     1
290
     0
176
     1
290
     0
176
     1
290
     0
176
     1
290
     0
176
     1
 90
       50
176
     1
 40
0.0
176
     1
 40
1.0
176
     1
 90
        0
176
     1
 62
    18
420
        0
176
     1
 90
       50
176
     1
 90
        3
176
     1
 62
     5
420
      255
176
     1
290
     0
176
     1
 90
       50
176
     1
 90
       50
176
     1
 90
       50
176
     1
290
     0
176
     1
 90
       50
176
     1
 62
   256
176
     0
 40
1.0
176
     0
 90
        2
176
     1
  1
strokes_ogs.tif
176
     1
290
     0
176
     1
 40
1.0
176
     1
 40
1.0
176
     1
  0
VISUALSTYLE
  5
F0
102
{ACAD_REACTORS
330
EF
102
}
330
EF
100
AcDbVisualStyle
  2
Flat
 70
     0
177
     3
291
     1
 70
    58
 90
        2
176
     1
 90
        1
176
     1
 90
        1
176
     1
 90
        2
176
     1
 40
0.6
176
     1
 40
30.0
176
     1
 62
     7
420
 16777215
176
     1
 90
        0
176
     1
 90
        0
176
     1
 62
     7
176
     1
 62
   257
176
     1
 90
        1
176
     1
 90
        1
176
     1
 40
1.0
176
     1
 90
        8
176
     1
 62
     7
176
     1
 40
1.0
176
     1
 90
        1
176
     1
 90
        6
176
     1
 90
        2
176
     1
 62
     7
176
     1
 90
        5
176
     1
 90
        0
176
     1
 90
        0
176
     1
290
     0
176
     1
 90
       13
176
     1
 40
0.0
176
     1
 90
        0
176
     1
290
     0
176
     1
290
     1
176
     1
290
     1
176
     1
290
     0
176
     1
290
     0
176
     1
290
     0
176
     1
290
     0
176
     1
290
     0
176
     1
290
     0
176
     1
 90
       50
176
     1
 40
0.0
176
     1
 40
1.0
176
     1
 90
        0
176
     1
 62
    18
420
        0
176
     1
 90
       50
176
     1
 90
        3
176
     1
 62
     5
420
      255
176
     1
290
     0
176
     1
 90
       50
176
     1
 90
       50
176
     1
 90
       50
176
     1
290
     0
176
     1
 90
       50
176
     1
 62
   256
176
     0
 40
1.0
176
     0
 90
        2
176
     1
  1
strokes_ogs.tif
176
     1
290
     0
176
     1
 40
1.0
176
     1
 40
1.0
176
     1
  0
VISUALSTYLE
  5
F1
102
{ACAD_REACTORS
330
EF
102
}
330
EF
100
AcDbVisualStyle
  2
FlatWithEdges
 70
     1
177
     3
291
     1
 70
    58
 90
        2
176
     1
 90
        1
176
     1
 90
        1
176
     1
 90
        2
176
     1
 40
0.6
176
     1
 40
30.0
176
     1
 62
     7
420
 16777215
176
     1
 90
        1
176
     1
 90
        0
176
     1
 62
     7
176
     1
 62
   257
176
     1
 90
        1
176
     1
 90
        1
176
     1
 40
1.0
176
     1
 90
        0
176
     1
 62
   257
176
     1
 40
1.0
176
     1
 90
        1
176
     1
 90
        6
176
     1
 90
        2
176
     1
 62
     7
176
     1
 90
        5
176
     1
 90
        0
176
     1
 90
        0
176
     1
290
     0
176
     1
 90
       13
176
     1
 40
0.0
176
     1
 90
        0
176
     1
290
     0
176
     1
290
     1
176
     1
290
     1
176
     1
290
     0
176
     1
290
     0
176
     1
290
     0
176
     1
290
     0
176
     1
290
     0
176
     1
290
     0
176
     1
 90
       50
176
     1
 40
0.0
176
     1
 40
1.0
176
     1
 90
        0
176
     1
 62
    18
420
        0
176
     1
 90
       50
176
     1
 90
        3
176
     1
 62
     5
420
      255
176
     1
290
     0
176
     1
 90
       50
176
     1
 90
       50
176
     1
 90
       50
176
     1
290
     0
176
     1
 90
       50
176
     1
 62
   256
176
     0
 40
1.0
176
     0
 90
        2
176
     1
  1
strokes_ogs.tif
176
     1
290
     0
176
     1
 40
1.0
176
     1
 40
1.0
176
     1
  0
VISUALSTYLE
  5
F2
102
{ACAD_REACTORS
330
EF
102
}
330
EF
100
AcDbVisualStyle
  2
Gouraud
 70
     2
177
     3
291
     1
 70
    58
 90
        2
176
     1
 90
        2
176
     1
 90
        1
176
     1
 90
        2
176
     1
 40
0.6
176
     1
 40
30.0
176
     1
 62
     7
420
 16777215
176
     1
 90
        0
176
     1
 90
        0
176
     1
 62
     7
176
     1
 62
   257
176
     1
 90
        1
176
     1
 90
        1
176
     1
 40
1.0
176
     1
 90
        0
176
     1
 62
     7
176
     1
 40
1.0
176
     1
 90
        1
176
     1
 90
        6
176
     1
 90
        2
176
     1
 62
     7
176
     1
 90
        5
176
     1
 90
        0
176
     1
 90
        0
176
     1
290
     0
176
     1
 90
       13
176
     1
 40
0.0
176
     1
 90
        0
176
     1
290
     0
176
     1
290
     1
176
     1
290
     1
176
     1
290
     0
176
     1
290
     0
176
     1
290
     0
176
     1
290
     0
176
     1
290
     0
176
     1
290
     0
176
     1
 90
       50
176
     1
 40
0.0
176
     1
 40
1.0
176
     1
 90
        0
176
     1
 62
    18
420
        0
176
     1
 90
       50
176
     1
 90
        3
176
     1
 62
     5
420
      255
176
     1
290
     0
176
     1
 90
       50
176
     1
 90
       50
176
     1
 90
       50
176
     1
290
     0
176
     1
 90
       50
176
     1
 62
   256
176
     0
 40
1.0
176
     0
 90
        2
176
     1
  1
strokes_ogs.tif
176
     1
290
     0
176
     1
 40
1.0
176
     1
 40
1.0
176
     1
  0
VISUALSTYLE
  5
F3
102
{ACAD_REACTORS
330
EF
102
}
330
EF
100
AcDbVisualStyle
  2
GouraudWithEdges
 70
     3
177
     3
291
     1
 70
    58
 90
        2
176
     1
 90
        2
176
     1
 90
        1
176
     1
 90
        2
176
     1
 40
0.6
176
     1
 40
30.0
176
     1
 62
     7
420
 16777215
176
     1
 90
        1
176
     1
 90
        0
176
     1
 62
     7
176
     1
 62
   257
176
     1
 90
        1
176
     1
 90
        1
176
     1
 40
1.0
176
     1
 90
        0
176
     1
 62
   257
176
     1
 40
1.0
176
     1
 90
        1
176
     1
 90
        6
176
     1
 90
        2
176
     1
 62
     7
176
     1
 90
        5
176
     1
 90
        0
176
     1
 90
        0
176
     1
290
     0
176
     1
 90
       13
176
     1
 40
0.0
176
     1
 90
        0
176
     1
290
     0
176
     1
290
     1
176
     1
290
     1
176
     1
290
     0
176
     1
290
     0
176
     1
290
     0
176
     1
290
     0
176
     1
290
     0
176
     1
290
     0
176
     1
 90
       50
176
     1
 40
0.0
176
     1
 40
1.0
176
     1
 90
        0
176
     1
 62
    18
420
        0
176
     1
 90
       50
176
     1
 90
        3
176
     1
 62
     5
420
      255
176
     1
290
     0
176
     1
 90
       50
176
     1
 90
       50
176
     1
 90
       50
176
     1
290
     0
176
     1
 90
       50
176
     1
 62
   256
176
     0
 40
1.0
176
     0
 90
        2
176
     1
  1
strokes_ogs.tif
176
     1
290
     0
176
     1
 40
1.0
176
     1
 40
1.0
176
     1
  0
VISUALSTYLE
  5
F7
102
{ACAD_REACTORS
330
EF
102
}
330
EF
100
AcDbVisualStyle
  2
Hidden
 70
     6
177
     3
291
     0
 70
    58
 90
        1
176
     1
 90
        2
176
     1
 90
        2
176
     1
 90
        0
176
     1
 40
0.6
176
     1
 40
30.0
176
     1
 62
     7
420
 16777215
176
     1
 90
        2
176
     1
 90
        2
176
     1
 62
     7
176
     1
 62
   257
176
     1
 90
        2
176
     1
 90
        1
176
     1
 40
40.0
176
     1
 90
        0
176
     1
 62
   257
176
     1
 40
1.0
176
     1
 90
        1
176
     1
 90
        6
176
     1
 90
        2
176
     1
 62
     7
176
     1
 90
        3
176
     1
 90
        0
176
     1
 90
        0
176
     1
290
     0
176
     1
 90
        1
176
     1
 40
0.0
176
     1
 90
        0
176
     1
290
     0
176
     1
290
     1
176
     1
290
     1
176
     1
290
     0
176
     1
290
     0
176
     1
290
     0
176
     1
290
     0
176
     1
290
     0
176
     1
290
     0
176
     1
 90
       50
176
     1
 40
0.0
176
     1
 40
1.0
176
     1
 90
        0
176
     1
 62
    18
420
        0
176
     1
 90
       50
176
     1
 90
        3
176
     1
 62
     5
420
      255
176
     1
290
     0
176
     1
 90
       50
176
     1
 90
       50
176
     1
 90
       50
176
     1
290
     0
176
     1
 90
       50
176
     1
 62
   256
176
     0
 40
1.0
176
     0
 90
        2
176
     1
  1
strokes_ogs.tif
176
     1
290
     0
176
     1
 40
1.0
176
     1
 40
1.0
176
     1
  0
VISUALSTYLE
  5
1E4
102
{ACAD_REACTORS
330
EF
102
}
330
EF
100
AcDbVisualStyle
  2
JitterOff
 70
    20
177
     3
291
     1
 70
    58
 90
        2
176
     0
 90
        2
176
     0
 90
        0
176
     0
 90
        0
176
     0
 40
0.6
176
     0
 40
30.0
176
     0
 62
     7
420
 16777215
176
     0
 90
        1
176
     0
 90
        4
176
     0
 62
     7
176
     0
 62
   257
176
     0
 90
        1
176
     0
 90
        1
176
     0
 40
1.0
176
     0
 90
       10
176
     2
 62
     7
176
     0
 40
1.0
176
     0
 90
        1
176
     0
 90
        6
176
     0
 90
        2
176
     0
 62
     7
176
     0
 90
        5
176
     0
 90
        0
176
     0
 90
        0
176
     0
290
     0
176
     0
 90
        1
176
     0
 40
0.0
176
     0
 90
        0
176
     0
290
     0
176
     1
290
     1
176
     1
290
     1
176
     1
290
     0
176
     1
290
     0
176
     1
290
     0
176
     1
290
     0
176
     1
290
     0
176
     1
290
     0
176
     1
 90
       50
176
     1
 40
0.0
176
     1
 40
1.0
176
     1
 90
        0
176
     1
 62
    18
420
        0
176
     1
 90
       50
176
     1
 90
        3
176
     1
 62
     5
420
      255
176
     1
290
     0
176
     1
 90
       50
176
     1
 90
       50
176
     1
 90
       50
176
     1
290
     0
176
     1
 90
       50
176
     1
 62
   256
176
     0
 40
1.0
176
     0
 90
        2
176
     1
  1
strokes_ogs.tif
176
     1
290
     0
176
     1
 40
1.0
176
     1
 40
1.0
176
     1
  0
VISUALSTYLE
  5
FD
102
{ACAD_REACTORS
330
EF
102
}
330
EF
100
AcDbVisualStyle
  2
Linepattern
 70
    14
177
     3
291
     1
 70
    58
 90
        2
176
     1
 90
        2
176
     1
 90
        1
176
     1
 90
        0
176
     1
 40
0.6
176
     1
 40
30.0
176
     1
 62
     7
420
 16777215
176
     1
 90
        1
176
     1
 90
        4
176
     1
 62
     7
176
     1
 62
   257
176
     1
 90
        7
176
     1
 90
        7
176
     1
 40
1.0
176
     1
 90
        8
176
     1
 62
     7
176
     1
 40
1.0
176
     1
 90
        1
176
     1
 90
        6
176
     1
 90
        2
176
     1
 62
     7
176
     1
 90
        5
176
     1
 90
        0
176
     1
 90
        0
176
     1
290
     0
176
     1
 90
        1
176
     1
 40
0.0
176
     1
 90
        0
176
     1
290
     0
176
     1
290
     1
176
     1
290
     1
176
     1
290
     0
176
     1
290
     0
176
     1
290
     0
176
     1
290
     0
176
     1
290
     0
176
     1
290
     0
176
     1
 90
       50
176
     1
 40
0.0
176
     1
 40
1.0
176
     1
 90
        0
176
     1
 62
    18
420
        0
176
     1
 90
       50
176
     1
 90
        3
176
     1
 62
     5
420
      255
176
     1
290
     0
176
     1
 90
       50
176
     1
 90
       50
176
     1
 90
       50
176
     1
290
     0
176
     1
 90
       50
176
     1
 62
   256
176
     0
 40
1.0
176
     0
 90
        2
176
     1
  1
strokes_ogs.tif
176
     1
290
     0
176
     1
 40
1.0
176
     1
 40
1.0
176
     1
  0
VISUALSTYLE
  5
1E5
102
{ACAD_REACTORS
330
EF
102
}
330
EF
100
AcDbVisualStyle
  2
OverhangOff
 70
    21
177
     3
291
     1
 70
    58
 90
        2
176
     0
 90
        2
176
     0
 90
        0
176
     0
 90
        0
176
     0
 40
0.6
176
     0
 40
30.0
176
     0
 62
     7
420
 16777215
176
     0
 90
        1
176
     0
 90
        4
176
     0
 62
     7
176
     0
 62
   257
176
     0
 90
        1
176
     0
 90
        1
176
     0
 40
1.0
176
     0
 90
        9
176
     2
 62
     7
176
     0
 40
1.0
176
     0
 90
        1
176
     0
 90
        6
176
     0
 90
        2
176
     0
 62
     7
176
     0
 90
        5
176
     0
 90
        0
176
     0
 90
        0
176
     0
290
     0
176
     0
 90
        1
176
     0
 40
0.0
176
     0
 90
        0
176
     0
290
     0
176
     1
290
     1
176
     1
290
     1
176
     1
290
     0
176
     1
290
     0
176
     1
290
     0
176
     1
290
     0
176
     1
290
     0
176
     1
290
     0
176
     1
 90
       50
176
     1
 40
0.0
176
     1
 40
1.0
176
     1
 90
        0
176
     1
 62
    18
420
        0
176
     1
 90
       50
176
     1
 90
        3
176
     1
 62
     5
420
      255
176
     1
290
     0
176
     1
 90
       50
176
     1
 90
       50
176
     1
 90
       50
176
     1
290
     0
176
     1
 90
       50
176
     1
 62
   256
176
     0
 40
1.0
176
     0
 90
        2
176
     1
  1
strokes_ogs.tif
176
     1
290
     0
176
     1
 40
1.0
176
     1
 40
1.0
176
     1
  0
VISUALSTYLE
  5
F9
102
{ACAD_REACTORS
330
EF
102
}
330
EF
100
AcDbVisualStyle
  2
Realistic
 70
     8
177
     3
291
     0
 70
    58
 90
        2
176
     1
 90
        2
176
     1
 90
        0
176
     1
 90
        2
176
     1
 40
0.6
176
     1
 40
30.0
176
     1
 62
     7
420
 16777215
176
     1
 90
        0
176
     1
 90
        0
176
     1
 62
     7
176
     1
 62
   257
176
     1
 90
        1
176
     1
 90
        1
176
     1
 40
1.0
176
     1
 90
        8
176
     1
 62
   257
176
     1
 40
1.0
176
     1
 90
        1
176
     1
 90
        6
176
     1
 90
        2
176
     1
 62
     7
176
     1
 90
        3
176
     1
 90
        0
176
     1
 90
        0
176
     1
290
     0
176
     1
 90
       13
176
     1
 40
0.0
176
     1
 90
        0
176
     1
290
     0
176
     1
290
     1
176
     1
290
     1
176
     1
290
     0
176
     1
290
     0
176
     1
290
     0
176
     1
290
     0
176
     1
290
     0
176
     1
290
     0
176
     1
 90
       50
176
     1
 40
0.0
176
     1
 40
1.0
176
     1
 90
        0
176
     1
 62
    18
420
        0
176
     1
 90
       50
176
     1
 90
        3
176
     1
 62
     5
420
      255
176
     1
290
     0
176
     1
 90
       50
176
     1
 90
       50
176
     1
 90
       50
176
     1
290
     0
176
     1
 90
       50
176
     1
 62
   256
176
     0
 40
1.0
176
     0
 90
        2
176
     1
  1
strokes_ogs.tif
176
     1
290
     0
176
     1
 40
1.0
176
     1
 40
1.0
176
     1
  0
VISUALSTYLE
  5
1F3
102
{ACAD_REACTORS
330
EF
102
}
330
EF
100
AcDbVisualStyle
  2
Shaded
 70
    27
177
     3
291
     0
 70
    58
 90
        2
176
     1
 90
        2
176
     1
 90
        1
176
     1
 90
        2
176
     1
 40
0.6
176
     1
 40
30.0
176
     1
 62
     7
420
 16777215
176
     1
 90
        0
176
     1
 90
        4
176
     1
 62
     7
176
     1
 62
   257
176
     1
 90
        1
176
     1
 90
        1
176
     1
 40
1.0
176
     1
 90
        8
176
     1
 62
   257
176
     1
 40
1.0
176
     1
 90
        1
176
     1
 90
        6
176
     1
 90
        2
176
     1
 62
     8
420
  7895160
176
     1
 90
        3
176
     1
 90
        0
176
     1
 90
        0
176
     1
290
     0
176
     1
 90
        5
176
     1
 40
0.0
176
     1
 90
        0
176
     1
290
     0
176
     1
290
     1
176
     1
290
     1
176
     1
290
     0
176
     1
290
     0
176
     1
290
     0
176
     1
290
     0
176
     1
290
     0
176
     1
290
     0
176
     1
 90
       50
176
     1
 40
0.0
176
     1
 40
1.0
176
     1
 90
        0
176
     1
 62
    18
420
        0
176
     1
 90
       50
176
     1
 90
        3
176
     1
 62
     5
420
      255
176
     1
290
     0
176
     1
 90
       50
176
     1
 90
       50
176
     1
 90
       50
176
     1
290
     0
176
     1
 90
       50
176
     1
 62
   256
176
     0
 40
1.0
176
     0
 90
        2
176
     1
  1
strokes_ogs.tif
176
     1
290
     0
176
     1
 40
1.0
176
     1
 40
1.0
176
     1
  0
VISUALSTYLE
  5
1F2
102
{ACAD_REACTORS
330
EF
102
}
330
EF
100
AcDbVisualStyle
  2
Shaded with edges
 70
    26
177
     3
291
     0
 70
    58
 90
        2
176
     1
 90
        2
176
     1
 90
        1
176
     1
 90
        2
176
     1
 40
0.6
176
     1
 40
30.0
176
     1
 62
     7
420
 16777215
176
     1
 90
        1
176
     1
 90
        2
176
     1
 62
     7
176
     1
 62
   257
176
     1
 90
        2
176
     1
 90
        1
176
     1
 40
1.0
176
     1
 90
        8
176
     1
 62
   257
176
     1
 40
1.0
176
     1
 90
        1
176
     1
 90
        6
176
     1
 90
        2
176
     1
 62
     7
176
     1
 90
        3
176
     1
 90
        0
176
     1
 90
        0
176
     1
290
     0
176
     1
 90
        5
176
     1
 40
0.0
176
     1
 90
        0
176
     1
290
     0
176
     1
290
     1
176
     1
290
     1
176
     1
290
     0
176
     1
290
     0
176
     1
290
     0
176
     1
290
     0
176
     1
290
     0
176
     1
290
     0
176
     1
 90
       50
176
     1
 40
0.0
176
     1
 40
1.0
176
     1
 90
        0
176
     1
 62
    18
420
        0
176
     1
 90
       50
176
     1
 90
        3
176
     1
 62
     5
420
      255
176
     1
290
     0
176
     1
 90
       50
176
     1
 90
       50
176
     1
 90
       50
176
     1
290
     0
176
     1
 90
       50
176
     1
 62
   256
176
     0
 40
1.0
176
     0
 90
        2
176
     1
  1
strokes_ogs.tif
176
     1
290
     0
176
     1
 40
1.0
176
     1
 40
1.0
176
     1
  0
VISUALSTYLE
  5
1EF
102
{ACAD_REACTORS
330
EF
102
}
330
EF
100
AcDbVisualStyle
  2
Shades of Gray
 70
    23
177
     3
291
     0
 70
    58
 90
        2
176
     1
 90
        2
176
     1
 90
        3
176
     1
 90
        0
176
     1
 40
0.6
176
     1
 40
30.0
176
     1
 62
     7
420
 16777215
176
     1
 90
        2
176
     1
 90
        2
176
     1
 62
     7
176
     1
 62
     7
176
     1
 90
        1
176
     1
 90
        1
176
     1
 40
40.0
176
     1
 90
        8
176
     1
 62
     7
176
     1
 40
1.0
176
     1
 90
        1
176
     1
 90
        6
176
     1
 90
        2
176
     1
 62
     7
176
     1
 90
        3
176
     1
 90
        0
176
     1
 90
        0
176
     1
290
     0
176
     1
 90
        1
176
     1
 40
0.0
176
     1
 90
        0
176
     1
290
     0
176
     1
290
     1
176
     1
290
     1
176
     1
290
     0
176
     1
290
     0
176
     1
290
     0
176
     1
290
     0
176
     1
290
     0
176
     1
290
     0
176
     1
 90
       50
176
     1
 40
0.0
176
     1
 40
1.0
176
     1
 90
        0
176
     1
 62
    18
420
        0
176
     1
 90
       50
176
     1
 90
        3
176
     1
 62
     5
420
      255
176
     1
290
     0
176
     1
 90
       50
176
     1
 90
       50
176
     1
 90
       50
176
     1
290
     0
176
     1
 90
       50
176
     1
 62
   256
176
     0
 40
1.0
176
     0
 90
        2
176
     1
  1
strokes_ogs.tif
176
     1
290
     0
176
     1
 40
1.0
176
     1
 40
1.0
176
     1
  0
VISUALSTYLE
  5
1F0
102
{ACAD_REACTORS
330
EF
102
}
330
EF
100
AcDbVisualStyle
  2
Sketchy
 70
    24
177
     3
291
     0
 70
    58
 90
        1
176
     1
 90
        2
176
     1
 90
        2
176
     1
 90
        0
176
     1
 40
0.6
176
     1
 40
30.0
176
     1
 62
     7
420
 16777215
176
     1
 90
        2
176
     1
 90
        2
176
     1
 62
     7
176
     1
 62
     7
176
     1
 90
        1
176
     1
 90
        1
176
     1
 40
40.0
176
     1
 90
       11
176
     1
 62
     7
176
     1
 40
1.0
176
     1
 90
        1
176
     1
 90
        6
176
     1
 90
        2
176
     1
 62
     7
176
     1
 90
        6
176
     1
 90
        0
176
     1
 90
        0
176
     1
290
     0
176
     1
 90
        1
176
     1
 40
0.0
176
     1
 90
        0
176
     1
290
     0
176
     1
290
     1
176
     1
290
     1
176
     1
290
     0
176
     1
290
     0
176
     1
290
     0
176
     1
290
     0
176
     1
290
     0
176
     1
290
     0
176
     1
 90
       50
176
     1
 40
0.0
176
     1
 40
1.0
176
     1
 90
        0
176
     1
 62
    18
420
        0
176
     1
 90
       50
176
     1
 90
        3
176
     1
 62
     5
420
      255
176
     1
290
     0
176
     1
 90
       50
176
     1
 90
       50
176
     1
 90
       50
176
     1
290
     0
176
     1
 90
       50
176
     1
 62
   256
176
     0
 40
1.0
176
     0
 90
        2
176
     1
  1
strokes_ogs.tif
176
     1
290
     0
176
     1
 40
1.0
176
     1
 40
1.0
176
     1
  0
VISUALSTYLE
  5
FC
102
{ACAD_REACTORS
330
EF
102
}
330
EF
100
AcDbVisualStyle
  2
Thicken
 70
    13
177
     3
291
     1
 70
    58
 90
        2
176
     1
 90
        2
176
     1
 90
        1
176
     1
 90
        0
176
     1
 40
0.6
176
     1
 40
30.0
176
     1
 62
     7
420
 16777215
176
     1
 90
        1
176
     1
 90
        4
176
     1
 62
     7
176
     1
 62
   257
176
     1
 90
        1
176
     1
 90
        1
176
     1
 40
1.0
176
     1
 90
       12
176
     1
 62
     7
176
     1
 40
1.0
176
     1
 90
        1
176
     1
 90
        6
176
     1
 90
        2
176
     1
 62
     7
176
     1
 90
        5
176
     1
 90
        0
176
     1
 90
        0
176
     1
290
     0
176
     1
 90
        1
176
     1
 40
0.0
176
     1
 90
        0
176
     1
290
     0
176
     1
290
     1
176
     1
290
     1
176
     1
290
     0
176
     1
290
     0
176
     1
290
     0
176
     1
290
     0
176
     1
290
     0
176
     1
290
     0
176
     1
 90
       50
176
     1
 40
0.0
176
     1
 40
1.0
176
     1
 90
        0
176
     1
 62
    18
420
        0
176
     1
 90
       50
176
     1
 90
        3
176
     1
 62
     5
420
      255
176
     1
290
     0
176
     1
 90
       50
176
     1
 90
       50
176
     1
 90
       50
176
     1
290
     0
176
     1
 90
       50
176
     1
 62
   256
176
     0
 40
1.0
176
     0
 90
        2
176
     1
  1
strokes_ogs.tif
176
     1
290
     0
176
     1
 40
1.0
176
     1
 40
1.0
176
     1
  0
VISUALSTYLE
  5
F6
102
{ACAD_REACTORS
330
EF
102
}
330
EF
100
AcDbVisualStyle
  2
Wireframe
 70
     5
177
     3
291
     0
 70
    58
 90
        0
176
     1
 90
        2
176
     1
 90
        0
176
     1
 90
        0
176
     1
 40
0.6
176
     1
 40
30.0
176
     1
 62
     7
420
 16777215
176
     1
 90
        1
176
     1
 90
        4
176
     1
 62
     7
176
     1
 62
   257
176
     1
 90
        1
176
     1
 90
        1
176
     1
 40
1.0
176
     1
 90
        0
176
     1
 62
   257
176
     1
 40
1.0
176
     1
 90
        1
176
     1
 90
        6
176
     1
 90
        2
176
     1
 62
     7
176
     1
 90
        3
176
     1
 90
        0
176
     1
 90
        0
176
     1
290
     0
176
     1
 90
        1
176
     1
 40
0.0
176
     1
 90
        0
176
     1
290
     0
176
     1
290
     1
176
     1
290
     1
176
     1
290
     0
176
     1
290
     0
176
     1
290
     0
176
     1
290
     0
176
     1
290
     0
176
     1
290
     0
176
     1
 90
       50
176
     1
 40
0.0
176
     1
 40
1.0
176
     1
 90
        0
176
     1
 62
    18
420
        0
176
     1
 90
       50
176
     1
 90
        3
176
     1
 62
     5
420
      255
176
     1
290
     0
176
     1
 90
       50
176
     1
 90
       50
176
     1
 90
       50
176
     1
290
     0
176
     1
 90
       50
176
     1
 62
   256
176
     0
 40
1.0
176
     0
 90
        2
176
     1
  1
strokes_ogs.tif
176
     1
290
     0
176
     1
 40
1.0
176
     1
 40
1.0
176
     1
  0
VISUALSTYLE
  5
1F1
102
{ACAD_REACTORS
330
EF
102
}
330
EF
100
AcDbVisualStyle
  2
X-Ray
 70
    25
177
     3
291
     0
 70
    58
 90
        2
176
     1
 90
        2
176
     1
 90
        1
176
     1
 90
        1
176
     1
 40
0.5
176
     1
 40
30.0
176
     1
 62
     7
420
 16777215
176
     1
 90
        1
176
     1
 90
        0
176
     1
 62
     7
176
     1
 62
   257
176
     1
 90
        1
176
     1
 90
        1
176
     1
 40
1.0
176
     1
 90
        8
176
     1
 62
     7
176
     1
 40
1.0
176
     1
 90
        1
176
     1
 90
        6
176
     1
 90
        2
176
     1
 62
     7
176
     1
 90
        3
176
     1
 90
        0
176
     1
 90
        0
176
     1
290
     0
176
     1
 90
       13
176
     1
 40
0.0
176
     1
 90
        0
176
     1
290
     0
176
     1
290
     1
176
     1
290
     1
176
     1
290
     0
176
     1
290
     0
176
     1
290
     0
176
     1
290
     0
176
     1
290
     0
176
     1
290
     0
176
     1
 90
       50
176
     1
 40
0.0
176
     1
 40
1.0
176
     1
 90
        0
176
     1
 62
    18
420
        0
176
     1
 90
       50
176
     1
 90
        3
176
     1
 62
     5
420
      255
176
     1
290
     0
176
     1
 90
       50
176
     1
 90
       50
176
     1
 90
       50
176
     1
290
     0
176
     1
 90
       50
176
     1
 62
   256
176
     0
 40
1.0
176
     0
 90
        2
176
     1
  1
strokes_ogs.tif
176
     1
290
     0
176
     1
 40
1.0
176
     1
 40
1.0
176
     1
  0
DICTIONARYVAR
  5
146
102
{ACAD_REACTORS
330
5E
102
}
330
5E
100
DictionaryVariables
280
     0
  1
1:1
  0
DICTIONARYVAR
  5
259
102
{ACAD_REACTORS
330
5E
102
}
330
5E
100
DictionaryVariables
280
     0
  1
3.500000
  0
DICTIONARYVAR
  5
25A
102
{ACAD_REACTORS
330
5E
102
}
330
5E
100
DictionaryVariables
280
     0
  1
acadiso.lin
  0
DICTIONARYVAR
  5
145
102
{ACAD_REACTORS
330
5E
102
}
330
5E
100
DictionaryVariables
280
     0
  1
STANDARD
  0
DICTIONARYVAR
  5
84
102
{ACAD_REACTORS
330
5E
102
}
330
5E
100
DictionaryVariables
280
     0
  1
STANDARD
  0
DICTIONARYVAR
  5
227
102
{ACAD_REACTORS
330
5E
102
}
330
5E
100
DictionaryVariables
280
     0
  1
Metric50
  0
DICTIONARYVAR
  5
228
102
{ACAD_REACTORS
330
5E
102
}
330
5E
100
DictionaryVariables
280
     0
  1
Metric50
  0
DICTIONARYVAR
  5
5F
102
{ACAD_REACTORS
330
5E
102
}
330
5E
100
DictionaryVariables
280
     0
  1
2
  0
DICTIONARYVAR
  5
63
102
{ACAD_REACTORS
330
5E
102
}
330
5E
100
DictionaryVariables
280
     0
  1
1
  0
DICTIONARYVAR
  5
12DC
102
{ACAD_REACTORS
330
5E
102
}
330
5E
100
DictionaryVariables
280
     0
  1
BYLAYER
  0
DICTIONARYVAR
  5
12DB
102
{ACAD_REACTORS
330
5E
102
}
330
5E
100
DictionaryVariables
280
     0
  1
ByLayer
  0
DICTIONARYVAR
  5
1AE
102
{ACAD_REACTORS
330
5E
102
}
330
5E
100
DictionaryVariables
280
     0
  1
0
  0
DICTIONARYVAR
  5
1AF
102
{ACAD_REACTORS
330
5E
102
}
330
5E
100
DictionaryVariables
280
     0
  1
0
  0
ACAD_PROXY_OBJECT
  5
D39
102
{ACAD_REACTORS
330
D38
102
}
330
D38
100
AcDbProxyObject
 90
      499
 91
      519
 71
    27
 97
       25
 70
     0
162
                 0
161
              1146
310
63948C9594D95D1D5C001C185C985B595D195C9CC00013585E15DA591D1A000200000000000000001014DB585B1B195CDD000200000000000000000011D85C129D5B5C000200000000000000380FD058D8DD5C9858DE40018001400000131A5B995CCB99949958DBD9DB9A5E9940014000400000105C98DCCB99949958DBD9
310
DB9A5E994001400040000000000000000C
 94
        0
  0
XRECORD
  5
D3D
102
{ACAD_REACTORS
330
D32
102
}
330
D32
100
AcDbXrecord
280
     1
300
MC_VERSION_DATA
 90
       95
310
0600000002000000570000001C000000E304000000000000000000007801936764E5D8CF7A8393818115C460606066E0646662626666706006F214793899F8DE3171E725E6E53B3BBA2878E6951050AF75FEFFFFFF520032DE0F3057000000
  0
XRECORD
  5
D33
102
{ACAD_REACTORS
330
D32
102
}
330
D32
100
AcDbXrecord
280
     1
300
MCS_DOCUMENT_ID
 90
       60
310
0600000002000000150000001C000000E304000000000000000000007801E3B5BFFFC63E617EA3D7C6678A37E609BDFAF71F08007A6D0D4515000000
  0
XRECORD
  5
D3B
102
{ACAD_REACTORS
330
D32
102
}
330
D32
100
AcDbXrecord
280
     1
300
MCS_PARAMS_DATA
 90
     3313
310
0600000002000000F64B00001C000000E304000000000000000000007801C55C5B6C5CC519DE9D595FD6B9DF494B53970A1A6F4A58DF92A6426A1A1210527090E23EF0543976A2BA75E25CAC160A6DA92AF5A55255A96AD556551F4A49A0CF15A03EC0438190865E482021147221409310B6900B3826B1FB7F7366CEFC73E6
310
1CAFBDDE3D9B07D8FF3F73CEF7DFE6FB67E6ECBA757EA3143929F767A4FCCE8636299AA49C90529036BB402C105929F279912F89C6DEAF6FD8BC69AB14A46C51EAC2B9898909BA39945F872C1FCD848A834A91A13B1AD51D6D5266E8A9FAF627E9AABE92BD45CA6F03BD81A3CFC24D59D990C96408C7E066656E0232E13A03
310
14B0AB01724443F05CC3F08780DFC8F19B03FC710A073DC8486413411B49060E3311A05C24C45064703B01D7CCE196A818E5C59C9268B967CBD6DED68ED59DC52EEB78BEF08E09F8223D745649346F1DE9DB35D0B777C089FC5FC3C8EB60BF1A286CF47FE3467F17CC59C5CD990B0CD948C1A77FB9F5CA0E4F479188EA541E
310
3C25A2E22BC99C8892456878B2821857F6B05492C2AD881B41409C21325211340605C9C6DC6006EC49AC088A0CCBB25B1159B72248E415019155047D5453031360047082A7405D92B72AB0F03379693EAB50870260AC609E2C6F6510BB3D081DFE4EF5EFECD71494A7B3590EC7F12C5B25CB32539229914732934ECE22AF1D
310
D259AC8B7B7649E437DE7BDFA69EADF76EE95186E95A7ED74C032DBFA66A9BF1CEF341B19B78E45DDED9EF56FE29189043E4814BF734E1FF34659991678231F23A51010DA578E8294D435524988818E84710A7B2643B4F7C134F5CC6936D1E4176D01398C4D0A83AE0A6BDC86B0BB5C3E1E8299D70A5A945AC12322FE697C4
310
9C8DC3BBBE34D2BA77FBEEA1BEFEED79D15C120DF70F0FEE1A093EF60C8FF47F4BCAB3B0ED666EDB17F5733E2B445B5E2C298985C507BB8BEBBA3A3A3774178B1D777FA5B36B9D327BBE1ED84C030BC74C9EDAB5B64D88BC405AEF1E1CD9D73A34B88F70838775AD5DDBD1B9B6BBABBB73A0ABA37F5D7BE0E757F57D1DB80F
310
037BFBB60D6D6F1DDED1DA3B3CB47D6FDF2EF8A0AD5933506CEF2FF6F7ADD9D6B56D5DFF9A60D6A95222FF670B51F8295953F8455019945B7EE9315C7A8AFEC352DE9D4B4A5050256AA6D1B42D5F0C265BEED4473538E9811F770DEFDCDD3732B86D706870E4A1D69DC303E45F6349C807B6EFCB8B8692103DC352AE816545
310
9E9E798813B5E9A692C86DD9B1A355A5424F8E0BF018466AF90D150136590E2905AA568F782650907D5A7180140B84AD0159F8156902B8F63BDA8BE1A72E29AF48322EA98B5F578631B6F5489B26184C63434803DB221A328E6B58DEAED6DB808FEB6DC068BD0DF8A4DE065CABB7018B3045EB390B3EAD7704C6EA6DC07518
310
10B79C17773A0DB6C361F03BDD064B22C8C7303844629E5064B47323116EB9039777E096BB70247238880C6E39831B9F221C81B3E543C57019D4736C30574EE2DD4AD73B12B9771099772B997713E97A974DF4CECD5D9582B938116EC00926492C777A7F676A8F441E4C882C98032C983211AE26DE8974E196022EC7174366
310
F9AE62C95769E105B5C4B012E2E82ED8CD3516C5E34D519CF0D1F6765A8551C6CC0505130A3E8ABEC46EF81CED54DC1DA04AB7BC4DB0CA082453194AB29B82400C2B438BA6322032B88FE093B3E13470C11297490C8EEF78E88158D51A8AD42283A38F61044E78707A57F8BBDFE2DF2167F36975041D1DA7FCF59430C35792
310
05112533A905D5D3CAAB4759DBB4CA160F3E9309466F934A1794E7E1154C402D3088858048DCDF7EA3E7FECD5B7A7B376D5480CBF43A7E5E49CCBE6BEB37D945B2402FC65F52AB73B67E7F3A58AE93F37A04F6B7011D680556EBCCA2819BC8A21C320F385BBDB4EE56E6E32CE2CB18E358AD7676B4C7C096B1674BAF7B1278
310
1E906198B0DF8681EA696AF34D20563061CAB731C0DB01185B8B0DCA46538BD880EB0E2C6FC3120B40E62289BC162112587895C11513E18290E892090EBF46A9321968C513E0BB89A0AE8F2431B88A7DFC9E07A7BD0A8E668E3AF3CDEA083A3A8ECFB770A00AB53712018F2859D8DB3D93C2E4D422CB77A40BB73A5DB807A7
310
0857A5727AC8838BE45965D0D3D5B29CBEEF99145F4E558AC0C3E9C23D922EDC0FD285FBA107E7958EEDE721E98018A3E3AAC64E7F5C166D7ABA81B65C437BB31D766C74A6ED6E1FBC2766B7AFDAD87156F9771BF44A2A724C461AB43EE729AAFB710D63E2111810BBA3ABC9AE6037E09AB9BF3AB40BE8309F8736AB64CAB2
310
BE7E3364E5AC569CA6976081AF5A311628A8EF68C5B3A4609E3E86AC3AA156E3E83562F4B5A292099A878C61EB3B549CF92354989982613F016CE7AD5A4D09AA1F5126387AAD451EE384D9C035A925859E39C1AA865EE9A9B8DA21CEE289167F7CF1D4C4BC7A125EC5AED5D8BB0B5A9D9144D134CFA71BF85A8D44BE568348
310
F6AA55A2F3CAEACF6982FD29118CC249D3CBF852A586F278BA70FBD3853B90085793EDE51E143F0AD06C6B4CB2242BDDBDD1419166C2865E85F9CE1648F3CBF54B2E655D5432557AB8C599EEE6E763403914E55050D879E2BFFA30F366F009F0CB378371CA9B99D05949929DD07465EA8797A3808B6B06B9536E64AF9C844C
310
903AF2F3709D3783A318A078E4F37AEBBCEC2DD1B228B722F785DC2DB9D64C476675A63353CC74E937B1FA39BFA7DB58A6AFC19E49583A4A9B6110A6BA038D3C80418F79D091B18A763C1D8524AA5361F194EC4CC4B23EDBA3192533E95398E41423EB6DCA1C239B4DBF91D13F6D762A6897D7013D496371DC8BECCAA7D45E
310
0C251095ABC98AA38E1B6540CD3DACF829EF15C38D27C2B92DA64A071D13897001094F16523EC1C9E5A99FF465029665AB5B13C49AF8984D174EA40B273D389D33BB29A272F6749622C2719C22AC925104534E7A8CF33714555C6B3CF3BE4BE0AF28994CA9B8353E0F28878DD26D8D2F007FBAAD11BD305CEB4EAB35BE08B8
310
B8D678FEB81BD9134AB6ADF10A644BBEF9C2334A81E4EAA6772450D87DD2AF49C178F020A0EBD3055FF292CC5B8AB3FC4114C86BA708ACDB15F49C43C04EBBE7FCBD0CA8A1CB2AF59CC3897035E1E39713E16AD873FE91085A131FFF19C04DBEDBF8D75406FD3B3A2842E56C8ABE82A171BC3BF89ECB0E0F287926BC7B0450
310
75E4DDA3C09F2EEF56BE2579157071BCBBE7881BD93E255BDE7D04B225A07C61BD5230DE1DBA8C1158736B225E412358525F03747D78F79897E472BCCBAF5BAF2BA0DDE3804E9B765F2F035A65DA3D910857134A7A2311AE52DA8D6E0E9C1341735A873DD47F12A16BE2E99BE9C275792B70532835F1AEDB838B7404B509F7
310
74C449519D9AA19EB28205FF5B08785CE3F9307262735AC933693C270155C7C6730AF8E9359ED3808B6B3CA387DDC6734EC9B6F1C897238DE72006D89713F9C2E58B91C6F3388D608DE70CA0A7DA7866D30F8008DC16BEAA2D26A2AAB848F4108A0CF46D0F54D7A73989E2C56D75B6B8431D2F6EAB64C5CD94644C04869974
310
1626C5B6A280378D1BEE62BCE2C3917700E714386FAA719B1D7E7D464DF7DD444F8317374E8CAA75BEF65E19D0F8F0523EC21D7470DCC60B8CAEF29753FC38EF4760CFDBF99B4673F680D0869F6742513F06849341B61DF57EE3400A02734628D75C0DBC8B68A868B98655ECA330208EA3C6F1B52E3DF1E8849E2433679564
310
431A886148B568E62C4406F75F64308EFD2F9D7039EA6D259B5B2BF91AD8396F72B01004EFC5CD6C88F911E8CCDF849C077E5C64E9488747967101058B73015D99FA9B900B808B63FFB117DCC85E50324556799F2F34BC086EC70CD18A4318C0D9FF2AB6807CDB718046B0A4BE0FE8B4D9FFA207EA504E3D7E65FA014C7226
310
B329B0E8D703AAFEBAA304E869379E693123CD68457958A4FF2F11AE86ECFF6119D078F6E7138AD87FF2370F86D6E1E34789702D76FED2134932CCA824CB8C811832A3160D33426421BD940847AF6F0C11D33DEECB1CFE9B7175D1F926045DE5BD8DBFBDBE9C081764D0049324E6DDB40A8607F34A225C4D16463974B5B836
310
F3B3A32E193EACE499B49986C93A780A6DA631A981D7A6CD34012EAECDFCF23937B23F51B26D337F80CCDBCC36A5C0ECD07DE7E7A7236D663D8D6033A419D0536D33E07F56B8C4CA7C0D48229F9610695A461A0883CE7B494E8DD95B004DF38E8247AB09FE45AC1A52EDAC32A0861DD8DA85D8A76276989D08579353913989
310
700119397510D9BB4CAB9DF096393711B4263ECE4B176E7EBA700B3C389DB3F0B5335AA6A7234288EA142D784A9083AFB414616018456CF64C3293C4CD2F49D3E5A5F0410CEE3E0F2E6A6FEA11580893E29AEE529C2FC11C4DF48D4AA628982DB44A422820F8563073C8F989CF2240392BED74F7768B819FDEDE6E09E0E29A
310
EE0AFA030B3CB273954C91D5916E83CC9BEE074FAB1E6B73B11CFB6CBEB73B4C23589D2D05F4CC9AAE2E4C768646F0614DBB4BD40606BDCC4B726A4DF72640A7DD749797013521AB4ED3C5971C1BF2225712D922FD192CAA82F186C253F467B664EED8B163100EA1787299890C1D4314EEF90B040C236113FD72905624B8F0
310
99FF03A92412CEF64B0000
  0
DICTIONARY
  5
4BE
102
{ACAD_REACTORS
330
4BD
102
}
330
4BD
100
AcDbDictionary
280
     1
281
     1
  0
DICTIONARY
  5
205
330
22
100
AcDbDictionary
280
     1
281
     1
  0
DICTIONARY
  5
1F9
330
ED
100
AcDbDictionary
280
     1
281
     1
  3
FBXASSET
360
1FA
  0
DICTIONARY
  5
1F7
330
EC
100
AcDbDictionary
280
     1
281
     1
  3
FBXASSET
360
1F8
  0
DICTIONARY
  5
173
330
EE
100
AcDbDictionary
280
     1
281
     1
  3
FBXASSET
360
1FB
  0
DICTIONARY
  5
11E4
330
7F
100
AcDbDictionary
280
     1
281
     1
  3
ACAD_ROUNDTRIP_2008_TABLESTYLE_CELLSTYLEMAP
360
14E3
  0
XRECORD
  5
1FA
102
{ACAD_REACTORS
330
1F9
102
}
330
1F9
100
AcDbXrecord
280
     1
 70
     1
 90
429727718
  1
D62C5603-E3A1-4AEA-B7FB-FE5D8D0755AF
310
504B03040A0000080000CC70623B3DEE336E79000000790000001B0000006175746F6465736B2D64657369676E2D7061636B6167652E786D6C3C3F786D6C2076657273696F6E3D22312E302220656E636F64696E673D227574662D3822203F3E3C666F726D6174733E3C666F726D61743E687474703A2F2F736368656D612E
310
6175746F6465736B2E636F6D2F64657369676E2D7061636B6167652F323030393C2F666F726D61743E3C2F666F726D6174733E504B0304140006080800CC70623BD486FD9CA0000000F4000000130000005B436F6E74656E745F54797065735D2E786D6C7D8EC10E82300C865F65E91D8A1E8C310C0EEA1BF002731658846E
310
D98AC1B77784ABF1D8FE5FBFBF75BBCE937A534CCEB38643598122B6FEE978D0B0485F9C41B54DDD7D022595594E1A469170414C76A4D9A4D207E29CF43ECE46F218070CC6BECC4078ACAA135ACF422C856C0E68EA1BF5669944DDD7BCDE7B1F8E415D77AECB980613C2E4AC91FC167A2B244592486606FC29C8FD7F045B9A
310
EF7053A7E60B504B0304140006080800CC70623B853B8169EB0000007C01000008000000636F72652E786D6C8D90416EC3201045AF62CDB6C206821CC7C244919D9CA01740401C94182C03558F5F9C3852BBEB6A467FFE9B197D7EFC9E1EC5975982F5AE035262288C535E5B377690E21535501C055FBC8FBF6C503839990E
310
5619041F179FE64D52DE45E362569DD7661365082642A11EB9E920A89B99642953CC8E702F67A9EE7234257977194EC9EAE275C4EABCCF5EAD5940D4AC6F0E35A568B8F43562CD7046CD199FD07E60174276A7BE677B5EADB0E0D14EEFFB6A31321A0D82627C4084204C3F096B71DD52F6819B16635EADF63F509AF53FA164
310
5DDCD1EDDD17164090FCC8732078B56691CB33A85CD7DCC40F504B0304140006080800CC70623B55019EA25F0000007C00000007000000636E782E786D6C4DCB3B0E80201045D1AD90E915ED2CF8AC45050C11660C8261F98AB1B07AC9C97D42D718D865D3E909258CFD00CCE24AC6E326A164D74DC0B4128928FF32603847
310
2BA13128B1252AC747C6BAB984FC68F0B87FE8960A5C09FE86CFB69FBA01504B0304140006080800CC70623BDBABAAF470010000D40300000C0000006662782F636F72652E786D6CC553D16E823014FD95A6AF4B694182CC941A83FA05FB810A9511A125A5257EFE2E82712ECEB8A7F100CD39F7F69E734AF9FADC366850B6
310
AF8DCE7018308C942E4C59EB2AC3DE1D498AD15A706B8CFB56869196ADCAF00863C12B6B7C374385D14E6907A836A59A41D9F7CA615434B0C8705F7CAA5606D23BA8E84F41278B93AC54100640439DE0BDB320004D43C63716C7C399D30917DCFBBA9CD9BA8469F5B156168B24CED3F7248AC8769F27244EB73B92EED8862C
310
B7F13E0C179B3C8F979C8ECD82BBBABDAA2BAC924E9558448CBD9330242CFA08E3154B5651FCC6D215639C8EE5774DBE2B5F6CF2B5768B68963BB5F5588420E442FC700B1139D4CB01F450C1E918227C2E09DF070D8140C84E1E9AAB8F1340832A9CB13130A5F1376A908D57309505ECF2A0DF179C4E9D30F5B239B87E3823
310
7A79C6F31DE1A8A5AEC08474B03C7837EAE4938639B44E5932B833D2C6B6B279CDC613877FA26EE21F4A2A4C63EC7F29A2F301D1F9F7A0E37D145F504B0304140006080800CC70623B9C113CC27E0000009D0000000B0000006662782F636E782E786D6C4DCCDF0A83201C86E15B91DFB94BFB330DD428C8FB886521330DA7
310
6397BF1A1DECE883878F57749FCDA1B7892F1BBC047A23808C7F84D9FA55424E0BE6803A256208E9EF06C84F9B91703228B1C690F78B66B34CD9A5439DF5CF0BFBF65E35BCA1B8D6A5C6F540381E886698B5741C695F9503EBA150A2F8958E3DC3EA0B504B0304140006080800CC70623B7DF2F77C2A010000120200003100
310
00006662782F41393633353835312D344632462D344230382D423046372D3739314545314133324237412F636F72652E786D6C8D51DB8EC22014FC15C2939B0D2DB4B45643319AE817EC0F6041255A68B86CFCFC856D4D76DF7CE190393373060EDB3DC707F856CE6B6B7A480A0C81328395DA5C7B18C3057510EC3873D686
310
3F34088C18550F330C39BB3A1BA7051AAC09CA84841A2BD5020AEF55806078A44B0FFD7053A328440C89E1EFC52486BBB8AA8214A99D789CF9E05200300FC927E4FB4D5B375D43103D5527440FB843077C5AA3F5861C8F645F5787F59E95B390B318B55CE45AA638FAA2957BD7248B390B7A7CC51F9C124149C82B8C378810
310
84AB2F42B7B8DD56F413775B8C5999E9FF4471926F8AA236A1AE96B8B3CC434E5839373893369E1FAF30EA395917409EB7F26AF8801C171837A4A6AC9C89E9F9C9B1A58BA30FD6A5EF5DDDCF894B9AD9B6A59C957943A9FCAE2FD5BC4DFE03504B0304140006080800CC70623BAD7543B64E01000033030000300000006662
310
782F41393633353835312D344632462D344230382D423046372D3739314545314133324237412F636E782E786D6CD593CD6EC32010845F0571AD6CE3D48AD20813A9873E410FBD12D82434182C7EAAE6EDBB2424CD25871E7B41D6EC30B3FA84F9E67BB2E40B4234DE8DB46F1925E094D7C6ED479AD3AE5951B2113C789FEE
310
6C943839C1488B4C05DF079FE72A69D8C96C13AAD6B8631503449F83828872B949AC57D26200B826A308D316B4064D6E46FCDA41C05550DC9E483A00797BFD207EFB092A45DE9514C1BBD22178396BD39D891265658C238DEA00936C654E5E433CB65A26D9F6EDB5EBC14EBF49A45CB856E66048291F6939A9A81BB5C89177
310
38143CA680F4AA299D66A042CEB3354A2684DC9D8D178FE0D9B8B41CAAD720F880EE7EF93C0C18769E099ECC04D5A102C8049A8A05632F4DDF376CF1DE0F6BB65C2F8627B65A33C6BB62177CEBBDAD973006829F89F22E814B54F4BC2BE347F8AA8F681390B50FA73F804400B5F542E796F19FF974E7F78DB802FE05E20750
310
4B0304140006080800CC70623BE75B7789680500003C100000340000006662782F41393633353835312D344632462D344230382D423046372D3739314545314133324237412F6F626A656374732E786D6CAD575B8F9B3818FD2B887D06C22499CB8AA1CA655245D5B455A356FB305264C061D8018C6C3393D95FBFC7600890
310
A4CD5EF210B0B1BFEBF98E3F7B1FF6596ABC522E1296DF9BAE3D320D9A872C4AF2F8DE2CE5CEBA358D0FBEC719939D65A691938CDE9B6ADAF4BD98B3B2D05311DD91329583D9D5FC0F438434A7A611A644887B5384CF34233629258BA878B12322891DEFF6B66BD70BFB62634E8AE781D082709A4B588AF91C528CDA28B73F
310
1C998EEF39EABBEFA97FBD6A7C7E9553F9D3D79FE442923C3C523610337627CB87ABE99D359D4CC6D6E4FACAB5E6ABF9D2726FC6A3C5F56271377BB88362213924694B38DD99FE47C48627A1E7D49F5A8BB5E1A74C0A599ED3B0F21F1E56366B89112D681E218F0915D0D6F17AD41FBA2A369DCF6335D62ABBD39779D5DDD1
310
11D4D8DE3CBB96B2E04FB8202E41051754A1AA8E8F76B4C6DFE810B580B1547F4B84911149794252234D024EF8BBE963A95AE27B3D310A9D5C215C7960FAEE415ED75694C6AFB17BCACA5D99A60A9AA65F217B0BFC53292ACB92BF283FAD0D3621576592CB5BED907C2FA8E9DF794E35E97BEA31BED21FEB401ABB94C44839
310
DCACBF0E1C5DA8DA5B2F4DFFD32AD86F543D9E565E7056502E157C00AD2671CD534549AB752FCA9CDA00677A313F04E51B22FF19E57B300579E3C97EB29F682D92935CEC18CF901B7B54FD8C51F362B56FC72FE0B3C1EAE335EDCCBF5AEC39ADB17DC238973F804BA5E6F6BFE7AF1FB32E523BE9F3BD571418E3631DCA4D48
310
5250CF639223210A9446CA30052EDF057BD35F8329C1ECD84552BF0DC8D18BE7BCE23BFE6BD960AB4A7DE79923A103BEBD80F911CBAA2C60DB19B01CF164A5583B772EE6D3FFA56666CBCDA74DC97724A48F9A58967497E489C4D979006FD7A05E227A1EBDD0F737C623387A9C844D3709995625106D157315F8B8392CD4E0
310
A0B9A720C4BE9829CEF37EA1E13111214D53925356365ADA634861B52519DD27A00AEB808EAF0628E6F435519D446F45CF2C9CF5214F0A15B2F6D06B79DA3EE3CBF7F56780D2F4E7EF73A0F5E5B02A38D07DC852C6B7C1FBB6664213E0C39E3EBA7FF4E1AD23EA2829407C85E586727488B751B2DB9502BC7B228A3FD68B6E
310
A65A22397E690AA8D158D7E404EC8CDA235CC3B7D1898680131CEC2CDF2638C65196279577750F15884AEE19F94199155B92B13297978469D4F8D358DF0AEF7631E28DC8F0D9F437D5D39A83B2231A1D52D543813A824EF8D44BCFF2FA6A31BD1E8DAD87F1CCB526B3879935BF59CDADD5C37479BB1CDD4CA7B3556B516589
310
EF352754B706114D9C885EC9131DE6EFEB43D99AFE2391C2F958179413D7CFEF6B1B6DB1E7600F00DE6E5C67454A339A4BA2E0FBA85ED26F045D454F463DBFCE484C2F90F2E5E3666003662ED8F755951A7D1BECD5B30B550B2785C8E7320B7292A4838DDA71BBC863ED7613CAF659337A3354231D4FF4A182A54904C2898C
310
98B28C4AD0CE056CCF332A80986E571EE9DBC305BB5FEB7E509220A58D25CF042D712A806AC0AD0C657FDEF80D2D9CEAA2EE4D1C76F60BFE74219A06527D6F82DF6412526107381E55E353090704D085B52408A8913C4ED159D79BDA71BB4BC506F4831350EB6F975CD22D69BF7AC49B91A2C0A9DDA3D5CA36AD20FC478E37
310
E61844E2352865EBCB61A275A65283CAAA9DD27703B4102F5AF51EF5F573B75CBB5AD38BC845F7A49F82A0966A49C2E3EA5EA0ECD326CD965F1DB402C6FA8B51A4658C5C5E2EC9E214602E55810345408596591009A82E7E7FFACA19EEA299B14A0081A705CB3296EBC14CDF658DCD336EA6D1136881AAEB87B81AB9EE53D5
310
F5EB8BC8362082DA24122F98680A4E7930C01A0079749CEA14382A0783E5EBA5A10F8C098456A03D6A4AEB6BB881E2513747552A5DB22C7EDAF83BD5528081A365F7FF06504B0304140006080000CC70623B000000000000000000000000350000006662782F41393633353835312D344632462D344230382D423046372D37
310
39314545314133324237412F76657274696365732E62696E504B0304140006080800CC70623BF270F1330600000004000000360000006662782F41393633353835312D344632462D344230382D423046372D3739314545314133324237412F747269616E676C65732E62696E636660600000504B0304140006080000CC7062
310
3B000000000000000000000000370000006662782F41393633353835312D344632462D344230382D423046372D3739314545314133324237412F617474726962757465732E62696E504B0304140006080800CC70623B08DA0BD19000000041010000360000006662782F41393633353835312D344632462D344230382D4230
310
46372D3739314545314133324237412F6469726563746F72792E786D6C858F410AC3201045AF22B36F53E9A60B35CBEEBAE80D244E44489C6234F4F835464A48035D0DF398FF9F8AF63D0E6CC63039F212F8F9020C7D47C6792B21C5FE7403D62A1188E2E60C98D7234A5830286103A55745067B9D86B8A3CF9C7F90C11DE6
310
07FB144396D7B6A82D282E9A152AD114D5EF2CB866EEE831B8EEA07A7BB5A8D7D61A2BAAEB7FD5F70921FF497D00504B0304140006080800CC70623BEDD1DC58FD000000A00100003B0000006662782F41393633353835312D344632462D344230382D423046372D3739314545314133324237412F7265736F75726365732F
310
636F72652E786D6C8D504B6E833010BD0A9A6D65B00922041947112427E8052C33A156828DFCA97AFC9A40A576D7CDCCE87D344F8F9FBFE667F689CE6B6B3A6039850C8DB2A336530731DC4903D95970676DF82583CCC8193B5861107C72362E3BA4AC096842428D1D7107A5F7182053CF7474E0D507CE32973124857FE48B
310
540F3961CEF244279DE03EB81420DB9EAC1384436FA353E879B1B182C7A8C75DA3C7F453DF353A1075D537A7BA6464B8F535A99AE14A9A2BBD90E350DD183B5CFABE3AF262350B1EF4FC9351399401471025A527C218A1E53BAB5A5AB765F5469B96525EACF23FA6B88CFF34456DC2A1DCE36E360F82A5202F42F062ED2BAD
310
579969AFDD8A6F504B010214000A0000080000CC70623B3DEE336E79000000790000001B00000000000000000000000000000000006175746F6465736B2D64657369676E2D7061636B6167652E786D6C504B01021400140006080800CC70623BD486FD9CA0000000F40000001300000000000000000000000000B20000005B
310
436F6E74656E745F54797065735D2E786D6C504B01021400140006080800CC70623B853B8169EB0000007C010000080000000000000000000000000083010000636F72652E786D6C504B01021400140006080800CC70623B55019EA25F0000007C000000070000000000000000000000000094020000636E782E786D6C504B
310
01021400140006080800CC70623BDBABAAF470010000D40300000C00000000000000000000000000180300006662782F636F72652E786D6C504B01021400140006080800CC70623B9C113CC27E0000009D0000000B00000000000000000000000000B20400006662782F636E782E786D6C504B01021400140006080800CC70
310
623B7DF2F77C2A010000120200003100000000000000000000000000590500006662782F41393633353835312D344632462D344230382D423046372D3739314545314133324237412F636F72652E786D6C504B01021400140006080800CC70623BAD7543B64E010000330300003000000000000000000000000000D2060000
310
6662782F41393633353835312D344632462D344230382D423046372D3739314545314133324237412F636E782E786D6C504B01021400140006080800CC70623BE75B7789680500003C10000034000000000000000000000000006E0800006662782F41393633353835312D344632462D344230382D423046372D3739314545
310
314133324237412F6F626A656374732E786D6C504B01021400140006080000CC70623B0000000000000000000000003500000000000000000000000000280E00006662782F41393633353835312D344632462D344230382D423046372D3739314545314133324237412F76657274696365732E62696E504B01021400140006
310
080800CC70623BF270F133060000000400000036000000000000000000000000007B0E00006662782F41393633353835312D344632462D344230382D423046372D3739314545314133324237412F747269616E676C65732E62696E504B01021400140006080000CC70623B0000000000000000000000003700000000000000
310
000000000000D50E00006662782F41393633353835312D344632462D344230382D423046372D3739314545314133324237412F617474726962757465732E62696E504B01021400140006080800CC70623B08DA0BD1900000004101000036000000000000000000000000002A0F00006662782F41393633353835312D344632
310
462D344230382D423046372D3739314545314133324237412F6469726563746F72792E786D6C504B01021400140006080800CC70623BEDD1DC58FD000000A00100003B000000000000000000000000000E1000006662782F41393633353835312D344632462D344230382D423046372D3739314545314133324237412F7265
310
736F75726365732F636F72652E786D6C504B0506000000000E000E0080040000641100000000
  0
XRECORD
  5
1F8
102
{ACAD_REACTORS
330
1F7
102
}
330
1F7
100
AcDbXrecord
280
     1
 70
     1
 90
429727718
  1
30362254-06B7-45E0-A893-8CFA70E3D6BC
310
504B03040A0000080000CC70623B3DEE336E79000000790000001B0000006175746F6465736B2D64657369676E2D7061636B6167652E786D6C3C3F786D6C2076657273696F6E3D22312E302220656E636F64696E673D227574662D3822203F3E3C666F726D6174733E3C666F726D61743E687474703A2F2F736368656D612E
310
6175746F6465736B2E636F6D2F64657369676E2D7061636B6167652F323030393C2F666F726D61743E3C2F666F726D6174733E504B0304140006080800CC70623BD486FD9CA0000000F4000000130000005B436F6E74656E745F54797065735D2E786D6C7D8EC10E82300C865F65E91D8A1E8C310C0EEA1BF002731658846E
310
D98AC1B77784ABF1D8FE5FBFBF75BBCE937A534CCEB38643598122B6FEE978D0B0485F9C41B54DDD7D022595594E1A469170414C76A4D9A4D207E29CF43ECE46F218070CC6BECC4078ACAA135ACF422C856C0E68EA1BF5669944DDD7BCDE7B1F8E415D77AECB980613C2E4AC91FC167A2B244592486606FC29C8FD7F045B9A
310
EF7053A7E60B504B0304140006080800CC70623B1EC5D7A3EB0000007C01000008000000636F72652E786D6C8D90416EC3201045AF82665B6103C6756C6122AB4D4ED00B204C5C94182C03558F5F9C3852BBEB6A467FFE9B197D71FC9E6FE8CBACC17AD7032D0820E3B41FAD9B7A48F1820F808E52ACDEC75F36404ECDA687
310
4D0629A6D5A76597B477D1B89855E747B38B2A041301E95B6E7A08FAD3CCAA50296647B8168BD2573599823EBB0CA76447F43862C7BCCF5EAC59410E4DDD9C7973C2755553CCCFA4C603E3040F1565ED3B1FDE4E432BCA0D9622DAF9795FAF464533826484B498524CD807E51D79ED187F21878E10516EF63F505AC67F42C9
310
BA58B1FDDD071640D2FCC87D2045B96591CB3DA85CB7DCE40F504B0304140006080800CC70623B55019EA25F0000007C00000007000000636E782E786D6C4DCB3B0E80201045D1AD90E915ED2CF8AC45050C11660C8261F98AB1B07AC9C97D42D718D865D3E909258CFD00CCE24AC6E326A164D74DC0B4128928FF32603847
310
2BA13128B1252AC747C6BAB984FC68F0B87FE8960A5C09FE86CFB69FBA01504B0304140006080800CC70623B8C9102E971010000D40300000C0000006662782F636F72652E786D6CC5535B6E833010BC8AE5DF0A6C08340F1947A84D4ED00B38C6A128602363A31CBFCB234A53A551FA553EC09AD9F5CE8C31DB9E9B1AF5CA
310
7695D1198E428A91D2D214952E33ECDD315861B4E5CC1AE3BE9561A445A3323CC098B3D21ADFCE9034DA29ED00D5A6503328BA4E398C640D8B0C77F253352214DE4145770A5B214FA2546114020D759C75CE8200340D19DE981F0F6746269C33EFAB6266AB02A655C74A59CCF365BADC27CB5D902ED22848F6340DF238A141
310
BE88E2F57B92BFEDF23523433367AE6A2EEAA455C2A902F398D2751045018D3FA264435F3771F242571B4A1919CA6F9A7C5B3CD9E42BED16F12C776AEB308F40C848FC700B1139D4891EF410CEC810227CC6846F8386402064270EF5C5C709A05E49676C024C61FC95EA45ED154CA5211D1FF4FB8291A913A68E9B83EBBB33
310
E2A7673CDE118E5AE8124C0807CB8377834E366998436B950D7A7746DAD846D4CFD978E0F04FD455FC5D49D2D4C6FE9722321F10997F0F32DC47FE05504B0304140006080800CC70623BFFEA85907E0000009D0000000B0000006662782F636E782E786D6C4DCCD10A83201886E15B91FFDC95D95A811AB6F23E625948A6C3
310
E9D8E5AF46073BFAE0E1E365ED67B3E8ADC3CB78C7815C7240DA3DFC64DCC221C519D7805AC182F7F1EF06C88D9BE6703008B6049F9E274D7A1E938DBB5AE3D6131B2589BA0D3D965551E0B2EA732C9B9A624AAEB41E3A557677029960D9AFB4EF11165F504B0304140006080800CC70623B4FEEA4082C0100001202000031
310
0000006662782F39464131463745442D413632322D343644302D413938332D3331353338454246344243312F636F72652E786D6C8D515B6EC32010BC0AE2AB55850DD871ED0813254D72825EC00192A2C460F1A872FC42ED48ED5F7E00CDCECCCEB26C731F6FE05B39AFADE921293004CA082BB5B9F43086336A21D870E6AC
310
0D7F68109861543DCC30E4ECE26C9C164858139409093556AA051CBC570102714B8F1E7AF1A5C6A11862480C7F2DA6415C878B2A4891CA89C7990F2E050073937C42DE1DB7E4F87ED8A36D4329AA9B3D46DBAEAD504556557BD81DEBDD0761E52CE42C462D17B996298E3E6BE59E35C962CE821E1FF18553435012728A7187
310
0841987E927A8D9B35ADDF70BBC6989599FE4F1427F9A4286A132ABAC49D651EF234CD5CE04CDA78BA3DC2A8FB645D00B9DF8B57E215725C60BCA2A463E54C4CE327C7A65E1C7DB02E7DEFCBF594B864C5CA6CDBD49C957943E9FA5D5FBAF336F90F504B0304140006080800CC70623BAD7543B64E01000033030000300000
310
006662782F39464131463745442D413632322D343644302D413938332D3331353338454246344243312F636E782E786D6CD593CD6EC32010845F0571AD6CE3D48AD20813A9873E410FBD12D82434182C7EAAE6EDBB2424CD25871E7B41D6EC30B3FA84F9E67BB2E40B4234DE8DB46F1925E094D7C6ED479AD3AE5951B2113C
310
789FEE6C943839C1488B4C05DF079FE72A69D8C96C13AAD6B8631503449F83828872B949AC57D26200B826A308D316B4064D6E46FCDA41C05550DC9E483A00797BFD207EFB092A45DE9514C1BBD22178396BD39D891265658C238DEA00936C654E5E433CB65A26D9F6EDB5EBC14EBF49A45CB856E66048291F6939A9A81BB5
310
C8917738143CA680F4AA299D66A042CEB3354A2684DC9D8D178FE0D9B8B41CAAD720F880EE7EF93C0C18769E099ECC04D5A102C8049A8A05632F4DDF376CF1DE0F6BB65C2F8627B65A33C6BB62177CEBBDAD973006829F89F22E814B54F4BC2BE347F8AA8F681390B50FA73F804400B5F542E796F19FF974E7F78DB802FE05
310
E207504B0304140006080800CC70623B16AB87BA640500003C100000340000006662782F39464131463745442D413632322D343644302D413938332D3331353338454246344243312F6F626A656374732E786D6CAD575B6FA33818FD2B887DE6924B3BED8A326A92B68A663B534DD4D13E548A0C38942D60649B369D5FBFC7
310
600890A493BDE42160637FD7F31D7FF63E6FB3D478A55C242CBF3247B66B1A340F5994E4F19559CA8D75611A9F7D8F33263BCB4C232719BD32D5B4E97B316765A1A722BA21652A07B3B7B33F0D11D29C9A46981221AE4C113ED38CD8A4942CA2E2C58E882476BCD9DA23BB5ED8171B73523C0F841684D35CC252CCE79062D4
310
468DFA43D7747CCF51DF7D4FFDEB5593E3AB9CCA9FBEFE241792E4E19EB28198C968BAB8199F5D5A67D3E9C49A9E8F47D6EC76B6B0469F26EEFC7C3EBFBCBEB98462213924694B38DD98FE1D62C393D073EA4FADC5DAF04326852CCF6958F90F0F2B9BB5C48816348F90C7840A68EB78EDF68723159BCEE7891A6B95DDE9D3
310
BCEAEEE8086A6C6F9E5D4B59F0175C10A7A0820BAA5055C7473B5AE3CFDD452D602CD5DF12616444529E90D448938013FE6EFA58AA96F85E4F8C42275708571E98FE6827AF6B2B4AE3D7D83D64E5A64C53054DD3AF90BD06FEA9149565C94FCA0F6B834DC85599E4F2423B24DF0B6AFA979E534DFA9E7A4CC6FA631D486393
310
921829879BF5D781A373557BCB85E97FB90DB62B558F8795179C15944B051F40AB495CF35451D26A4727654E6D8033BD98EF82F21D91FF8AF2DD9982BCF1643BDD4EB516C9492E368C67C88DED563FC36D5EACF66DFF057C3658BDBFA69DF9578B3DA735B64F18C7F20770A9D45CFCF7FCF563D6456A277DBEF78A02637CA2
310
43B90A490AEAB94F72244481D24819A6C0E59B606BFA4B3025981DBB48EAB701D97BF19C577CC77F2D1B6C55A9EF3C732474C0B727303F625995056C3B02963D9EAC146BE78EC5FCEC7FA999EBC5EACBAAE41B12D27B4D2C0BBA49F244E2ECDC81B76B502F113D8F5EE8FB1BE3111CDD4FC2AA9B844CAB1288B68AB90A7CDC
310
1C166AB0D3DC5310625FCC14E779BFD0709F8890A629C9292B1B2DED31A4B0DA928CEE135085754027E3018A397D4D5427D15BD1330B677DC8934285AC3DF45A9EB68FF8F2B8FC0A509AFEECFD0FF2DE25CC6047F7214B195F07EFEB9A094D800F7BFAE8FED187B78EA8A3A400F115961BCAD1215E47C966530AF0EE8128FE
310
58CEBB996A8964FFA529A046635D9353B0336A8F700DDF46271A024E70B0B37C9DE01847591E54DED53D54202AB947E4076556AC49C6CA5C9E1226B7F1A7B1BE15DEED62C41B91E1B3E9AFAAA735036547343A925075041DF0A9979E893B391F8FCFA6967B3EFB644DCF6E5CEBFAE272625DCC6FAF3FB93793C5F90CE1EF57
310
407342756B10D1C489E8953CD1617E5CEECAD6F4EF8914CE5D5D504E5C3F1F9736DA62CFC11E00BCDDB8CC8A9466349744C1F75EBDA4DF09BA8A9E8C7A7E9991989E20E5DBDD6A6003664ED8F7A04A8DBE0DF6EAD9B9AA858342E47399053949D2C146EDB85DE4B176BB0965FBAC19BD19AA918E27FA50C1D22402E144464C
310
59462568E704B6E71915404CB72B8FF4EDE184DDAF753F284990D2C6926782963815403548A70C657FDEF80D2D9CEAA2AE4C1C76F60BFE74219A06527D6582DF6412526107381E55E353090704D085B52408D0933C4ED159D79BDA71BB4BC506F4831350EB6F979CD22D69BF7AC49B91A2C0A9DDA3D5CA36AD20FC478E37E6
310
1844E2352865EBCB6EA275A652E3836BE04EFB400BF1A2556F515F1FBB35B2AB35BD889C744FFA1004B5544B121E57F70215746DD2F5E2C1412B602CBF19455AC6C8E5E9922C4E01E65215385004546899059180EAFCF7A707CE7017CD8CDB0410789AB32C63B91E5CEBBBACB17AC6CD347A022D5075FD106377347AAABA7E
310
7D11590744509B44E205134DC1290F06580320F78E537D3D73540E06CB970B431F185308AD40BBD794D6D77003C5A36E8EAA54BA64597CD8F83BD552A080A365F7FF06504B0304140006080000CC70623B000000000000000000000000350000006662782F39464131463745442D413632322D343644302D413938332D3331
310
353338454246344243312F76657274696365732E62696E504B0304140006080800CC70623BF270F1330600000004000000360000006662782F39464131463745442D413632322D343644302D413938332D3331353338454246344243312F747269616E676C65732E62696E636660600000504B0304140006080000CC70623B
310
000000000000000000000000370000006662782F39464131463745442D413632322D343644302D413938332D3331353338454246344243312F617474726962757465732E62696E504B0304140006080800CC70623B08DA0BD19000000041010000360000006662782F39464131463745442D413632322D343644302D413938
310
332D3331353338454246344243312F6469726563746F72792E786D6C858F410AC3201045AF22B36F53E9A60B35CBEEBAE80D244E44489C6234F4F835464A48035D0DF398FF9F8AF63D0E6CC63039F212F8F9020C7D47C6792B21C5FE7403D62A1188E2E60C98D7234A5830286103A55745067B9D86B8A3CF9C7F90C11DE607
310
FB144396D7B6A82D282E9A152AD114D5EF2CB866EEE831B8EEA07A7BB5A8D7D61A2BAAEB7FD5F70921FF497D00504B0304140006080800CC70623B0D6EF93BFE000000A00100003B0000006662782F39464131463745442D413632322D343644302D413938332D3331353338454246344243312F7265736F75726365732F63
310
6F72652E786D6C8D50596E833010BD0A9ADFCA60B334011947A8694ED00B586642AC041B79A97AFC9A40A5F6AF3F33A3B7689E1E3F7DCD8FEC139DD7D6F4C0720A191A65476DA61E62B892236427C19DB5E1970C322367EC618541F0C9D9B8EC90B226A009093576C41D94DE63804C3DD2D18357379C652E63480A7FCF17A9
310
EE72C29CE5894E3AC17D702940B63D59270887DE46A7D0F36263058F518FBB468FE9A7BE6A7420864373B8D4873369AA8691FA421B3294352543C5CAF65C0F6FEF43CB8BD52C78D0F34F46E550061C419494B6843142CB0F5677F4B52BEB177AEC28E5C52AFF638ACBF84F53D42654E51E77B379102C05791282176B5F693D
310
CB4C7BED567C03504B010214000A0000080000CC70623B3DEE336E79000000790000001B00000000000000000000000000000000006175746F6465736B2D64657369676E2D7061636B6167652E786D6C504B01021400140006080800CC70623BD486FD9CA0000000F40000001300000000000000000000000000B20000005B
310
436F6E74656E745F54797065735D2E786D6C504B01021400140006080800CC70623B1EC5D7A3EB0000007C010000080000000000000000000000000083010000636F72652E786D6C504B01021400140006080800CC70623B55019EA25F0000007C000000070000000000000000000000000094020000636E782E786D6C504B
310
01021400140006080800CC70623B8C9102E971010000D40300000C00000000000000000000000000180300006662782F636F72652E786D6C504B01021400140006080800CC70623BFFEA85907E0000009D0000000B00000000000000000000000000B30400006662782F636E782E786D6C504B01021400140006080800CC70
310
623B4FEEA4082C0100001202000031000000000000000000000000005A0500006662782F39464131463745442D413632322D343644302D413938332D3331353338454246344243312F636F72652E786D6C504B01021400140006080800CC70623BAD7543B64E010000330300003000000000000000000000000000D5060000
310
6662782F39464131463745442D413632322D343644302D413938332D3331353338454246344243312F636E782E786D6C504B01021400140006080800CC70623B16AB87BA640500003C1000003400000000000000000000000000710800006662782F39464131463745442D413632322D343644302D413938332D3331353338
310
454246344243312F6F626A656374732E786D6C504B01021400140006080000CC70623B0000000000000000000000003500000000000000000000000000270E00006662782F39464131463745442D413632322D343644302D413938332D3331353338454246344243312F76657274696365732E62696E504B01021400140006
310
080800CC70623BF270F133060000000400000036000000000000000000000000007A0E00006662782F39464131463745442D413632322D343644302D413938332D3331353338454246344243312F747269616E676C65732E62696E504B01021400140006080000CC70623B0000000000000000000000003700000000000000
310
000000000000D40E00006662782F39464131463745442D413632322D343644302D413938332D3331353338454246344243312F617474726962757465732E62696E504B01021400140006080800CC70623B08DA0BD190000000410100003600000000000000000000000000290F00006662782F39464131463745442D413632
310
322D343644302D413938332D3331353338454246344243312F6469726563746F72792E786D6C504B01021400140006080800CC70623B0D6EF93BFE000000A00100003B000000000000000000000000000D1000006662782F39464131463745442D413632322D343644302D413938332D3331353338454246344243312F7265
310
736F75726365732F636F72652E786D6C504B0506000000000E000E0080040000641100000000
  0
XRECORD
  5
1FB
102
{ACAD_REACTORS
330
173
102
}
330
173
100
AcDbXrecord
280
     1
 70
     0
 90
1673772943
  1
ECE7A1D2-D628-4531-984C-D00F80459256
310
504B03040A0000080000CC70623B3DEE336E79000000790000001B0000006175746F6465736B2D64657369676E2D7061636B6167652E786D6C3C3F786D6C2076657273696F6E3D22312E302220656E636F64696E673D227574662D3822203F3E3C666F726D6174733E3C666F726D61743E687474703A2F2F736368656D612E
310
6175746F6465736B2E636F6D2F64657369676E2D7061636B6167652F323030393C2F666F726D61743E3C2F666F726D6174733E504B0304140006080800CC70623BD486FD9CA0000000F4000000130000005B436F6E74656E745F54797065735D2E786D6C7D8EC10E82300C865F65E91D8A1E8C310C0EEA1BF002731658846E
310
D98AC1B77784ABF1D8FE5FBFBF75BBCE937A534CCEB38643598122B6FEE978D0B0485F9C41B54DDD7D022595594E1A469170414C76A4D9A4D207E29CF43ECE46F218070CC6BECC4078ACAA135ACF422C856C0E68EA1BF5669944DDD7BCDE7B1F8E415D77AECB980613C2E4AC91FC167A2B244592486606FC29C8FD7F045B9A
310
EF7053A7E60B504B0304140006080800CC70623BD9DDAED0EC0000007C01000008000000636F72652E786D6C8D90416EC3201045AF82665B61836D9CD8C2444DD39CA01740405C94182C03558F5F9C3852BBEB6A467FFE9B197D7EF89E6EE8CB2CC17A37002D0820E394D7D68D03A478C17B4007C117EFE32F1B20272733C0
310
2A83E0E3E2D3BC49CABB685CCCAAF3DA6CA20CC14440EA969B0182FA34932C648AD911AEC52CD5558EA6A0CF2EC329598D1E47ACCEFBECC59A050463A7EA5833865FEBDD0E37353BE3EE8DBDE3F6786A48D375FBF6CC78B9C282473B3DEFABC5C86834888A900E538A49F5419B9EB47DD5BC907D4F082F57FB1F28CDFA9F50
310
B22ED6D5F6EE030B20687EE43E10BC5CB3C8E51E54AE6B6EE207504B0304140006080800CC70623B55019EA25F0000007C00000007000000636E782E786D6C4DCB3B0E80201045D1AD90E915ED2CF8AC45050C11660C8261F98AB1B07AC9C97D42D718D865D3E909258CFD00CCE24AC6E326A164D74DC0B4128928FF326038
310
472BA13128B1252AC747C6BAB984FC68F0B87FE8960A5C09FE86CFB69FBA01504B0304140006080800CC70623BA24EB22D72010000D40300000C0000006662782F636F72652E786D6CC5535B6E833010BC8AE5DF0A6C5E49888CA3A6694ED00B38E05014B091B1518EDFE511A5A9D228FD2A1F60CDEC7A67C6986DCE4D8D7A
310
69BA4AAB0C073EC548AA5C17952A33ECECD15B61B4E1CC686DBF9561A44423333CC098B3D268D7CE50AE9595CA02AA74216750749DB418E5352C32DCE59FB211BE70162ABA93DF8AFC244AE9073ED050C759670D0840D390E18DF9F1706664C23973AE2A66B62A605A75ACA4C13C4976E1364A12EF355A2EBD384AF65EFA96
310
BC7B8BED2EA6719AAE16FB8491A199335B351775B991C2CA02F390D2D40B028F861F41BCA68B7518BFD0D59A524686F29B26D7164F36B94AD9289CE54E6D1DE6010819891F6E21228B3AD1831EC219194284CF98F06DD01008846CC5A1BEF83801D4CBDC6A1303536877A57A513B0953A94FC707FDBE6064EA84A9E3E6E0FA
310
EE8CF0E9198F7784A316AA0413C2C2F2E0ECA0934D1AE6D05A69BCDE9E91D2A611F573361E38FC1375157F5752AE6B6DFE4B11990F88CCBF0719EE23FF02504B0304140006080800CC70623B408A7D3B7C0000009D0000000B0000006662782F636E782E786D6C4DCCD10A83201886E15B91FFDC552A92A0064DBC8F581632
310
D3703A76F9ABD1C18E3E78F878E5F0D9027ABBFCF2292AE86E2D20171F69F6715550CB827B40839639A5F2770314A7CD293819B45C73AAFB45B35BA61ACAA1C1C7E7855C58C15BC331339661262CC762340413D68D77DA5B42298546CBE6573AF60CEB2F504B0304140006080800CC70623B449FB9BD290100001202000031
310
0000006662782F36394639363044362D344446342D343946362D394244322D3234314243333846323333332F636F72652E786D6C8D515B6EC32010BC0AE22B55850D98B871848994463E412FE002495162B07854397EA176A4F62F3F2C9A9D991D587EB84F37F0AD7D30CEF6905418026DA553C65E7A98E219ED203808EE9D
310
8B7F6810D871D23D2C3014FCE25D9A57483A1BB58D19B54EE9151C43D0110279CB971E06F9A5A7B11A53CC8C70ADE6515EC78BAE4895DB992778883E0700CB907242D17643D7E2538BD869608875438BBAE38922CAC8F1BDD90DB4691A5E2F42C153326A951B95E398B3D1FE599322163C9AE9115F7A3D46ADA0A018778810
310
84E907617BDCEE297BC5BB3DC6BC2EF47FA234AB2745C9D8D8D035EE220B50105E2F0DC1954B9FB747187D9F9D8FA0CCDB042D5FA0C015C65B42DF78BD10F3F3B363CB56C7109DCFDFBBB97E662ED92EB62D13BC2E1BCAE5777DB9966D8A1F504B0304140006080800CC70623BAD7543B64E01000033030000300000006662
310
782F36394639363044362D344446342D343946362D394244322D3234314243333846323333332F636E782E786D6CD593CD6EC32010845F0571AD6CE3D48AD20813A9873E410FBD12D82434182C7EAAE6EDBB2424CD25871E7B41D6EC30B3FA84F9E67BB2E40B4234DE8DB46F1925E094D7C6ED479AD3AE5951B2113C789FEE
310
6C943839C1488B4C05DF079FE72A69D8C96C13AAD6B8631503449F83828872B949AC57D26200B826A308D316B4064D6E46FCDA41C05550DC9E483A00797BFD207EFB092A45DE9514C1BBD22178396BD39D891265658C238DEA00936C654E5E433CB65A26D9F6EDB5EBC14EBF49A45CB856E66048291F6939A9A81BB5C89177
310
38143CA680F4AA299D66A042CEB3354A2684DC9D8D178FE0D9B8B41CAAD720F880EE7EF93C0C18769E099ECC04D5A102C8049A8A05632F4DDF376CF1DE0F6BB65C2F8627B65A33C6BB62177CEBBDAD973006829F89F22E814B54F4BC2BE347F8AA8F681390B50FA73F804400B5F542E796F19FF974E7F78DB802FE05E20750
310
4B0304140006080800CC70623B8D05915C650500003B100000340000006662782F36394639363044362D344446342D343946362D394244322D3234314243333846323333332F6F626A656374732E786D6CAD575B6FA33814FE2B887D06429276DA1565D4266D158D3A339A6846FB502932E050B66023DB74D2FDF5FB190C01
310
9276B2973C046C8ECFF53B17071F77456EBD502133CEAE6CDF9DD81665314F32965ED995DA3A17B6F5310C04E7AA47665B8C14F4CAD6DB7618A48257A5D94AE89654B91AEDDEDDFC61C998326A5B714EA4BCB265FC440BE2924AF184CA6737218AB8E976E7FA6E4338649B0A523E8D98964450A6A029F619B8588D52FE7039
310
B1BD30F0F4F730D0FF866AF6369557DB33949F31A9088B0F848DD8CCFCF9F2767A76E99CCDE733677E3EF59D9BBB9BA5E37F984D16E78BC5E5F5ED25044B25C0C96822E8D60EEFE11B91C581D77CEA34368A1F5329E68CD1B8B61F16D63A1B8E092D294B10C78C4A48EB593D192E7DED9BDEE7995E1B91FDEDD3ACEA9FE831
310
6A756F9F7D4D79F4274C90A7A04248AA51D5F8C718DAE06FB2F75AC4796EBE65D22A88A22223B995679120E2D50E41AA49C260C046A35368846B0BECD0DFF3EBEB8AD4F835768F69B9ADF25C43D30E6B646F807FAA64AD59F61715C7A54127C4AACA98BA3006A9D792DAE165E0D59B61A01FB3A9F9D838D2DAE62445C86166
310
F37564E842E7DE6A69879FEEA2DD5AE7E371E1A5E025154AC307D06A03D73EB5978C58FFA4C8E9033066E0F3BD53BEC1F39F91BE7B55103791EDE6BBB991A2046172CB4581D8B893FA674DDA17A77B3B7C413D1B511FD2743BFF8A38F03A658705E3ADF8015C3A3417FF3D7E439FF591DA0B5F18BC20C1B8981957AE6392A3
310
F43C640C01D1A0B4728E2DD4F26DB4B3C3152A252A3B4E913CEC1C72F012782FF88EFF8637AA552DBEF76408E8A8DE9E50F9E1CB3A2DA0DB1B6039A893B56063DC5B3E3FFB5F72E67AB9FEB4AEC496C4F4C1149625DD662C53E89D7BF0F6151A046260D1337DFDC94502430F83B0EE07A130A224BCAD7DAE1D9FB6CD422FF6
310
920702629C4BB9AE79C12F243C6432A6794E18E5552BA56B431AAB5D91317302B2B071E86C3A42B1A02F999E24061403B5D0EB639195DA655DD3EBEAB4FB862DDF579F014AD0E73C22F99E28DA57FB98E75C6CA2D74D53086D600F4786E0FE3144B771A8A7B900F03594DB8A633CBC49B2EDB69228BB479CF863B5E807AAAB
310
23872F6DFEB4129B949CA33823F58830E86D65621E10047D9DB34D862E8EAC3C2ABC2F7B2C40D67CDFE01F5545B92105AF983AC54D93D69E56FB8E797F88913F898A9FEC705D3F9D1B54EC8426FB500D40A03BD0119B06E1B95DDC7EB8F6975367793EBD70E66733DFB9BC982F9CE564727731999F5D4ECFCE3B8D6A4DC2A0
310
6D50FD148437D110834A64C6CDDF57FBACB5C307A2A477DFE4939736CFEF2B175371E0E10CF0DD1D5C15654E0BCA14D1E87DD02FF93782A162C0A3D95F1524A52770F972BF1EE9809D13CE7DD599467F8ECE9ADD85CE85A34CD45355448C64F9E8A031DC2D596ACC6E5DD93D9B82DE2EF5CAF81363A8E47996A0DE24564A79
310
4115AACE09C55E14540231FDA13C319787134EBF34E3A022514E5B4D9E0826E25C02D5805B15ABE1BEF51B26383D445DD9E875EE33FE4C22DA16427D65A3BCA92CA6D28DD01DF5DC53330704308475351050232CCD31583787BA75774AFB06E5070DD0C8EF484E19968C5D83BA5B90B244D31E54D55A372320FE4786B7EA58
310
44E135AA5467CB7EA333A61683CC6A8C3257034C10CF46F40EF9F5BE59BE5BD30C3C72D235E95D10345C1D45445A5F0BB47E46A5EBE5570F9380B5FA629579952296A773720405982B9DE04011506178964401AA8BDF1FBF0A8EAB6861DD6580C0E38217056766716DAEB2D6FA0917D3E4116581EADB879C4E7CFFB11EFACD
310
3D641311495D92C8676CB409A72D18610D803CE8A626049E8EC1887CB5B44CC39883690DDA8399B4B9855B481E7D71D4A9D22F96E5BB73BF5793020C02137BF837504B0304140006080000CC70623B000000000000000000000000350000006662782F36394639363044362D344446342D343946362D394244322D32343142
310
43333846323333332F76657274696365732E62696E504B0304140006080800CC70623BF270F1330600000004000000360000006662782F36394639363044362D344446342D343946362D394244322D3234314243333846323333332F747269616E676C65732E62696E636660600000504B0304140006080000CC70623B0000
310
00000000000000000000370000006662782F36394639363044362D344446342D343946362D394244322D3234314243333846323333332F617474726962757465732E62696E504B0304140006080800CC70623B08DA0BD19000000041010000360000006662782F36394639363044362D344446342D343946362D394244322D
310
3234314243333846323333332F6469726563746F72792E786D6C858F410AC3201045AF22B36F53E9A60B35CBEEBAE80D244E44489C6234F4F835464A48035D0DF398FF9F8AF63D0E6CC63039F212F8F9020C7D47C6792B21C5FE7403D62A1188E2E60C98D7234A5830286103A55745067B9D86B8A3CF9C7F90C11DE607FB14
310
4396D7B6A82D282E9A152AD114D5EF2CB866EEE831B8EEA07A7BB5A8D7D61A2BAAEB7FD5F70921FF497D00504B0304140006080800CC70623BCA768048FE000000A00100003B0000006662782F36394639363044362D344446342D343946362D394244322D3234314243333846323333332F7265736F75726365732F636F72
310
652E786D6C8D50596E833010BD0A9ADFCA60D600328E9AA639412F609909B1126CE4A5EAF16B0295DABFFECC8CDEA2797AECF8353F924FB44E193D409E5248504B332A3D0D10FC95B4901C39B3C6F85F3248B49871801506CE266BC2B243D2688FDA47549B11775038871E12F988C7004EDE7016A9083E2ADC3D5D84BC8B09
310
D33C8D74D471E6BC8D0192EDC93A815B742658898E651BCB59086ADC356A8C3FD555A1055ED7E7E254D615792D0F075295F585746FF53B694EE78A565DD736979A65AB9933AFE69F8CD2A2F038022F28ED489E135A7CE4554F9BBEA85E68DB53CAB255FEC71496F19FA6A0B42F8B3DEE6673C0F318E4497096AD7DC5F52C33
310
EEB55BFE0D504B010214000A0000080000CC70623B3DEE336E79000000790000001B00000000000000000000000000000000006175746F6465736B2D64657369676E2D7061636B6167652E786D6C504B01021400140006080800CC70623BD486FD9CA0000000F40000001300000000000000000000000000B20000005B436F
310
6E74656E745F54797065735D2E786D6C504B01021400140006080800CC70623BD9DDAED0EC0000007C010000080000000000000000000000000083010000636F72652E786D6C504B01021400140006080800CC70623B55019EA25F0000007C000000070000000000000000000000000095020000636E782E786D6C504B0102
310
1400140006080800CC70623BA24EB22D72010000D40300000C00000000000000000000000000190300006662782F636F72652E786D6C504B01021400140006080800CC70623B408A7D3B7C0000009D0000000B00000000000000000000000000B50400006662782F636E782E786D6C504B01021400140006080800CC70623B
310
449FB9BD290100001202000031000000000000000000000000005A0500006662782F36394639363044362D344446342D343946362D394244322D3234314243333846323333332F636F72652E786D6C504B01021400140006080800CC70623BAD7543B64E010000330300003000000000000000000000000000D20600006662
310
782F36394639363044362D344446342D343946362D394244322D3234314243333846323333332F636E782E786D6C504B01021400140006080800CC70623B8D05915C650500003B10000034000000000000000000000000006E0800006662782F36394639363044362D344446342D343946362D394244322D32343142433338
310
46323333332F6F626A656374732E786D6C504B01021400140006080000CC70623B0000000000000000000000003500000000000000000000000000250E00006662782F36394639363044362D344446342D343946362D394244322D3234314243333846323333332F76657274696365732E62696E504B010214001400060808
310
00CC70623BF270F13306000000040000003600000000000000000000000000780E00006662782F36394639363044362D344446342D343946362D394244322D3234314243333846323333332F747269616E676C65732E62696E504B01021400140006080000CC70623B00000000000000000000000037000000000000000000
310
00000000D20E00006662782F36394639363044362D344446342D343946362D394244322D3234314243333846323333332F617474726962757465732E62696E504B01021400140006080800CC70623B08DA0BD190000000410100003600000000000000000000000000270F00006662782F36394639363044362D344446342D
310
343946362D394244322D3234314243333846323333332F6469726563746F72792E786D6C504B01021400140006080800CC70623BCA768048FE000000A00100003B000000000000000000000000000B1000006662782F36394639363044362D344446342D343946362D394244322D3234314243333846323333332F7265736F
310
75726365732F636F72652E786D6C504B0506000000000E000E0080040000621100000000
  0
CELLSTYLEMAP
  5
14E3
102
{ACAD_REACTORS
330
11E4
102
}
330
11E4
100
AcDbCellStyleMap
 90
        3
300
CELLSTYLE
  1
TABLEFORMAT_BEGIN
 90
        5
170
     1
 91
        0
 92
    32768
 62
   257
 93
        1
300
CONTENTFORMAT
  1
CONTENTFORMAT_BEGIN
 90
        0
 91
        0
 92
      512
 93
        0
300

 40
0.0
140
1.0
 94
        5
 62
     0
340
11
144
6.0
309
CONTENTFORMAT_END
171
     1
301
MARGIN
  1
CELLMARGIN_BEGIN
 40
1.5
 40
1.5
 40
1.5
 40
1.5
 40
4.5
 40
4.5
309
CELLMARGIN_END
 94
        6
 95
        1
302
GRIDFORMAT
  1
GRIDFORMAT_BEGIN
 90
        0
 91
        1
 62
     0
 92
       -2
340
14
 93
        0
 40
1.125
309
GRIDFORMAT_END
 95
        2
302
GRIDFORMAT
  1
GRIDFORMAT_BEGIN
 90
        0
 91
        1
 62
     0
 92
       -2
340
14
 93
        0
 40
1.125
309
GRIDFORMAT_END
 95
        4
302
GRIDFORMAT
  1
GRIDFORMAT_BEGIN
 90
        0
 91
        1
 62
     0
 92
       -2
340
14
 93
        0
 40
1.125
309
GRIDFORMAT_END
 95
        8
302
GRIDFORMAT
  1
GRIDFORMAT_BEGIN
 90
        0
 91
        1
 62
     0
 92
       -2
340
14
 93
        0
 40
1.125
309
GRIDFORMAT_END
 95
       16
302
GRIDFORMAT
  1
GRIDFORMAT_BEGIN
 90
        0
 91
        1
 62
     0
 92
       -2
340
14
 93
        0
 40
1.125
309
GRIDFORMAT_END
 95
       32
302
GRIDFORMAT
  1
GRIDFORMAT_BEGIN
 90
        0
 91
        1
 62
     0
 92
       -2
340
14
 93
        0
 40
1.125
309
GRIDFORMAT_END
309
TABLEFORMAT_END
  1
CELLSTYLE_BEGIN
 90
        1
 91
        1
300
_TITLE
309
CELLSTYLE_END
300
CELLSTYLE
  1
TABLEFORMAT_BEGIN
 90
        5
170
     1
 91
        0
 92
        0
 62
   257
 93
        1
300
CONTENTFORMAT
  1
CONTENTFORMAT_BEGIN
 90
        0
 91
        0
 92
      512
 93
        0
300

 40
0.0
140
1.0
 94
        5
 62
     0
340
11
144
4.5
309
CONTENTFORMAT_END
171
     1
301
MARGIN
  1
CELLMARGIN_BEGIN
 40
1.5
 40
1.5
 40
1.5
 40
1.5
 40
4.5
 40
4.5
309
CELLMARGIN_END
 94
        6
 95
        1
302
GRIDFORMAT
  1
GRIDFORMAT_BEGIN
 90
        0
 91
        1
 62
     0
 92
       -2
340
14
 93
        0
 40
1.125
309
GRIDFORMAT_END
 95
        2
302
GRIDFORMAT
  1
GRIDFORMAT_BEGIN
 90
        0
 91
        1
 62
     0
 92
       -2
340
14
 93
        0
 40
1.125
309
GRIDFORMAT_END
 95
        4
302
GRIDFORMAT
  1
GRIDFORMAT_BEGIN
 90
        0
 91
        1
 62
     0
 92
       -2
340
14
 93
        0
 40
1.125
309
GRIDFORMAT_END
 95
        8
302
GRIDFORMAT
  1
GRIDFORMAT_BEGIN
 90
        0
 91
        1
 62
     0
 92
       -2
340
14
 93
        0
 40
1.125
309
GRIDFORMAT_END
 95
       16
302
GRIDFORMAT
  1
GRIDFORMAT_BEGIN
 90
        0
 91
        1
 62
     0
 92
       -2
340
14
 93
        0
 40
1.125
309
GRIDFORMAT_END
 95
       32
302
GRIDFORMAT
  1
GRIDFORMAT_BEGIN
 90
        0
 91
        1
 62
     0
 92
       -2
340
14
 93
        0
 40
1.125
309
GRIDFORMAT_END
309
TABLEFORMAT_END
  1
CELLSTYLE_BEGIN
 90
        2
 91
        1
300
_HEADER
309
CELLSTYLE_END
300
CELLSTYLE
  1
TABLEFORMAT_BEGIN
 90
        5
170
     1
 91
        0
 92
        0
 62
   257
 93
        1
300
CONTENTFORMAT
  1
CONTENTFORMAT_BEGIN
 90
        0
 91
        0
 92
      512
 93
        0
300

 40
0.0
140
1.0
 94
        2
 62
     0
340
11
144
4.5
309
CONTENTFORMAT_END
171
     1
301
MARGIN
  1
CELLMARGIN_BEGIN
 40
1.5
 40
1.5
 40
1.5
 40
1.5
 40
4.5
 40
4.5
309
CELLMARGIN_END
 94
        6
 95
        1
302
GRIDFORMAT
  1
GRIDFORMAT_BEGIN
 90
        0
 91
        1
 62
     0
 92
       -2
340
14
 93
        0
 40
1.125
309
GRIDFORMAT_END
 95
        2
302
GRIDFORMAT
  1
GRIDFORMAT_BEGIN
 90
        0
 91
        1
 62
     0
 92
       -2
340
14
 93
        0
 40
1.125
309
GRIDFORMAT_END
 95
        4
302
GRIDFORMAT
  1
GRIDFORMAT_BEGIN
 90
        0
 91
        1
 62
     0
 92
       -2
340
14
 93
        0
 40
1.125
309
GRIDFORMAT_END
 95
        8
302
GRIDFORMAT
  1
GRIDFORMAT_BEGIN
 90
        0
 91
        1
 62
     0
 92
       -2
340
14
 93
        0
 40
1.125
309
GRIDFORMAT_END
 95
       16
302
GRIDFORMAT
  1
GRIDFORMAT_BEGIN
 90
        0
 91
        1
 62
     0
 92
       -2
340
14
 93
        0
 40
1.125
309
GRIDFORMAT_END
 95
       32
302
GRIDFORMAT
  1
GRIDFORMAT_BEGIN
 90
        0
 91
        1
 62
     0
 92
       -2
340
14
 93
        0
 40
1.125
309
GRIDFORMAT_END
309
TABLEFORMAT_END
  1
CELLSTYLE_BEGIN
 90
        3
 91
        2
300
_DATA
309
CELLSTYLE_END
  0
ENDSEC
  0
SECTION
  2
ACDSDATA
 70
     2
 71
     8
  0
ACDSSCHEMA
 90
        0
  1
AcDb_Thumbnail_Schema
  2
AcDbDs::ID
280
    10
 91
        8
  2
Thumbnail_Data
280
    15
 91
        0
101
ACDSRECORD
 95
        0
 90
        1
  2
AcDbDs::TreatedAsObjectData
280
     1
291
     1
101
ACDSRECORD
 95
        0
 90
        2
  2
AcDbDs::Legacy
280
     1
291
     1
101
ACDSRECORD
  1
AcDbDs::ID
 90
        3
  2
AcDs:Indexable
280
     1
291
     1
101
ACDSRECORD
  1
AcDbDs::ID
 90
        4
  2
AcDbDs::HandleAttribute
280
     7
282
     1
  0
ACDSSCHEMA
 90
        1
  1
AcDbDs::TreatedAsObjectDataSchema
  2
AcDbDs::TreatedAsObjectData
280
     1
 91
        0
  0
ACDSSCHEMA
 90
        2
  1
AcDbDs::LegacySchema
  2
AcDbDs::Legacy
280
     1
 91
        0
  0
ACDSSCHEMA
 90
        3
  1
AcDbDs::IndexedPropertySchema
  2
AcDs:Indexable
280
     1
 91
        0
  0
ACDSSCHEMA
 90
        4
  1
AcDbDs::HandleAttributeSchema
  2
AcDbDs::HandleAttribute
280
     7
 91
        1
284
     1
  0
ACDSRECORD
 90
        0
  2
AcDbDs::ID
280
    10
320
22
  2
Thumbnail_Data
280
    15
 94
     1205
310
89504E470D0A1A0A0000000D49484452000001000000007408030000005D681C3700000300504C5445212830FFFFFF2128300000000000000000000000000000000000000000000000000000330000660000990000CC0000FF0033000033330033660033990033CC0033FF0066000066330066660066990066CC0066FF0099
310
000099330099660099990099CC0099FF00CC0000CC3300CC6600CC9900CCCC00CCFF00FF0000FF3300FF6600FF9900FFCC00FFFF3300003300333300663300993300CC3300FF3333003333333333663333993333CC3333FF3366003366333366663366993366CC3366FF3399003399333399663399993399CC3399FF33CC00
310
33CC3333CC6633CC9933CCCC33CCFF33FF0033FF3333FF6633FF9933FFCC33FFFF6600006600336600666600996600CC6600FF6633006633336633666633996633CC6633FF6666006666336666666666996666CC6666FF6699006699336699666699996699CC6699FF66CC0066CC3366CC6666CC9966CCCC66CCFF66FF0066
310
FF3366FF6666FF9966FFCC66FFFF9900009900339900669900999900CC9900FF9933009933339933669933999933CC9933FF9966009966339966669966999966CC9966FF9999009999339999669999999999CC9999FF99CC0099CC3399CC6699CC9999CCCC99CCFF99FF0099FF3399FF6699FF9999FFCC99FFFFCC0000CC00
310
33CC0066CC0099CC00CCCC00FFCC3300CC3333CC3366CC3399CC33CCCC33FFCC6600CC6633CC6666CC6699CC66CCCC66FFCC9900CC9933CC9966CC9999CC99CCCC99FFCCCC00CCCC33CCCC66CCCC99CCCCCCCCCCFFCCFF00CCFF33CCFF66CCFF99CCFFCCCCFFFFFF0000FF0033FF0066FF0099FF00CCFF00FFFF3300FF3333
310
FF3366FF3399FF33CCFF33FFFF6600FF6633FF6666FF6699FF66CCFF66FFFF9900FF9933FF9966FF9999FF99CCFF99FFFFCC00FFCC33FFCC66FFCC99FFCCCCFFCCFFFFFF00FFFF33FFFF66FFFF99FFFFCCFFFFFF0000000D0D0D1A1A1A2828283535354343435050505D5D5D6B6B6B787878868686939393A1A1A1AEAEAEBB
310
BBBBC9C9C9D6D6D6E4E4E4F1F1F1FFFFFF0000000000000000000000000000000000000000000000000000000000002E4550F1000001704944415478DAEDD9C172C2201000D0FDFFFFDD7B67D2A6C6188C51086D7878701422EC730131117725E385922FBC13EF7D50F70200000000000000000000000000004602C8B91C6A
310
9C872EFBDB0003F50A000000009FED025704E833240000000000000000000000000000000000000000007408B9C63DAEEB644000000060EC45B0D6ADFFEB64409E05DD631B0200E054804A8D4E8E720C802761021803A01CE72800C54073AECBB94D4E8FA334EBD8BE5FE746A35C76B6ECB027402E0132A6717E081065805C
310
016434CC8CBD4D38E327D6B97E7AAE90016580BC7576D7619F1CB801FC4E858C5A5320A304B0A85BE543DBC3D0FE14C89A19B0FE66B7A6409E9601DB9D3CAC01B5322056995E5C031A67C09EC0C32E90EF2DCCDBBB40E4FE2E90279E9C73E0DF01000AE10218EBFF0000005A01B43C69020000000080FF3848000000000000
310
00000000000000000000000000000000000000000000000000000000000000000000000000008096E50B5799250B08E4A2390000000049454E44AE426082
  0
ENDSEC
  0
EOF
